event_docid,player_id,full_name,country,stage_title,stage_order,matches,played
2c8d4cc9-cbb6-480f-98a6-01e73a8d4c9e,127,ΠΑΠΑΚΩΝΣΤΑΝΤΙΝΟΥ Κωνσταντινος,GR,Qualifications,1,1,1
2c8d4cc9-cbb6-480f-98a6-01e73a8d4c9e,127,ΠΑΠΑΚΩΝΣΤΑΝΤΙΝΟΥ Κωνσταντινος,GR,Qualifications,1,1,1
2c8d4cc9-cbb6-480f-98a6-01e73a8d4c9e,142,ΠΟΛΥΧΡΟΝΟΠΟΥΛΟΣ Νικολαος,GR,1/16 finals,2,1,1
2c8d4cc9-cbb6-480f-98a6-01e73a8d4c9e,142,ΠΟΛΥΧΡΟΝΟΠΟΥΛΟΣ Νικολαος,GR,1/8 finals,3,1,1
2c8d4cc9-cbb6-480f-98a6-01e73a8d4c9e,151,ΣΕΛΕΒΕΝΤΑΣ Δημητριος,GR,Qualifications,1,2,2
2c8d4cc9-cbb6-480f-98a6-01e73a8d4c9e,151,ΣΕΛΕΒΕΝΤΑΣ Δημητριος,GR,1/16 finals,2,1,1
2c8d4cc9-cbb6-480f-98a6-01e73a8d4c9e,212,BLOMDAHL Torbjörn,SE,1/16 finals,2,1,1
2c8d4cc9-cbb6-480f-98a6-01e73a8d4c9e,212,BLOMDAHL Torbjörn,SE,1/8 finals,3,1,1
2c8d4cc9-cbb6-480f-98a6-01e73a8d4c9e,212,BLOMDAHL Torbjörn,SE,1/4 finals,4,1,1
2c8d4cc9-cbb6-480f-98a6-01e73a8d4c9e,213,CAUDRON Frederic,BE,1/16 finals,2,1,1
2c8d4cc9-cbb6-480f-98a6-01e73a8d4c9e,213,CAUDRON Frederic,BE,1/8 finals,3,1,1
2c8d4cc9-cbb6-480f-98a6-01e73a8d4c9e,214,BURY Jeremy,FR,1/16 finals,2,1,1
2c8d4cc9-cbb6-480f-98a6-01e73a8d4c9e,214,BURY Jeremy,FR,1/8 finals,3,1,1
2c8d4cc9-cbb6-480f-98a6-01e73a8d4c9e,216,MERCKX Eddy,BE,1/16 finals,2,1,1
2c8d4cc9-cbb6-480f-98a6-01e73a8d4c9e,216,MERCKX Eddy,BE,1/8 finals,3,1,1
2c8d4cc9-cbb6-480f-98a6-01e73a8d4c9e,216,MERCKX Eddy,BE,1/4 finals,4,1,1
2c8d4cc9-cbb6-480f-98a6-01e73a8d4c9e,216,MERCKX Eddy,BE,1/2 finals,5,1,1
2c8d4cc9-cbb6-480f-98a6-01e73a8d4c9e,216,MERCKX Eddy,BE,Final,6,1,1
2c8d4cc9-cbb6-480f-98a6-01e73a8d4c9e,231,TASDEMIR Tayfun,TR,1/16 finals,2,1,1
2c8d4cc9-cbb6-480f-98a6-01e73a8d4c9e,231,TASDEMIR Tayfun,TR,1/8 finals,3,1,1
2c8d4cc9-cbb6-480f-98a6-01e73a8d4c9e,231,TASDEMIR Tayfun,TR,1/4 finals,4,1,1
2c8d4cc9-cbb6-480f-98a6-01e73a8d4c9e,231,TASDEMIR Tayfun,TR,1/2 finals,5,1,1
2c8d4cc9-cbb6-480f-98a6-01e73a8d4c9e,240,DE Bruijn Jean Paul,NL,Qualifications,1,1,1
2c8d4cc9-cbb6-480f-98a6-01e73a8d4c9e,240,DE Bruijn Jean Paul,NL,Qualifications,1,1,1
2c8d4cc9-cbb6-480f-98a6-01e73a8d4c9e,240,DE Bruijn Jean Paul,NL,1/16 finals,2,1,1
2c8d4cc9-cbb6-480f-98a6-01e73a8d4c9e,245,CEULEMANS Peter,BE,1/16 finals,2,1,1
2c8d4cc9-cbb6-480f-98a6-01e73a8d4c9e,245,CEULEMANS Peter,BE,1/8 finals,3,1,1
2c8d4cc9-cbb6-480f-98a6-01e73a8d4c9e,245,CEULEMANS Peter,BE,1/4 finals,4,1,1
2c8d4cc9-cbb6-480f-98a6-01e73a8d4c9e,245,CEULEMANS Peter,BE,1/2 finals,5,1,1
2c8d4cc9-cbb6-480f-98a6-01e73a8d4c9e,245,CEULEMANS Peter,BE,Final,6,1,1
2c8d4cc9-cbb6-480f-98a6-01e73a8d4c9e,246,FORTHOMME Roland,BE,1/16 finals,2,1,1
2c8d4cc9-cbb6-480f-98a6-01e73a8d4c9e,246,FORTHOMME Roland,BE,1/8 finals,3,1,1
2c8d4cc9-cbb6-480f-98a6-01e73a8d4c9e,329,KARAKURT Berkay,TR,1/16 finals,2,1,1
2c8d4cc9-cbb6-480f-98a6-01e73a8d4c9e,329,KARAKURT Berkay,TR,1/8 finals,3,1,1
2c8d4cc9-cbb6-480f-98a6-01e73a8d4c9e,329,KARAKURT Berkay,TR,1/4 finals,4,1,1
2c8d4cc9-cbb6-480f-98a6-01e73a8d4c9e,342,HORN Martin,DE,1/16 finals,2,1,1
2c8d4cc9-cbb6-480f-98a6-01e73a8d4c9e,342,HORN Martin,DE,1/8 finals,3,1,1
2c8d4cc9-cbb6-480f-98a6-01e73a8d4c9e,342,HORN Martin,DE,1/4 finals,4,1,1
2c8d4cc9-cbb6-480f-98a6-01e73a8d4c9e,342,HORN Martin,DE,1/2 finals,5,1,1
2c8d4cc9-cbb6-480f-98a6-01e73a8d4c9e,347,BOHAC Martin,CZ,Qualifications,1,2,2
2c8d4cc9-cbb6-480f-98a6-01e73a8d4c9e,349,JIMENEZ Sergio,ES,Qualifications,1,2,2
2c8d4cc9-cbb6-480f-98a6-01e73a8d4c9e,349,JIMENEZ Sergio,ES,1/16 finals,2,1,1
2c8d4cc9-cbb6-480f-98a6-01e73a8d4c9e,349,JIMENEZ Sergio,ES,1/8 finals,3,1,1
2c8d4cc9-cbb6-480f-98a6-01e73a8d4c9e,349,JIMENEZ Sergio,ES,1/4 finals,4,1,1
2c8d4cc9-cbb6-480f-98a6-01e73a8d4c9e,369,UYMAZ Birol,TR,Qualifications,1,2,2
2c8d4cc9-cbb6-480f-98a6-01e73a8d4c9e,369,UYMAZ Birol,TR,1/16 finals,2,1,1
2c8d4cc9-cbb6-480f-98a6-01e73a8d4c9e,369,UYMAZ Birol,TR,1/8 finals,3,1,1
2c8d4cc9-cbb6-480f-98a6-01e73a8d4c9e,406,MAKIK Karl,AT,Qualifications,1,2,2
2c8d4cc9-cbb6-480f-98a6-01e73a8d4c9e,418,KLOMPENHOUWER Therese,NL,Qualifications,1,2,2
2c8d4cc9-cbb6-480f-98a6-01e73a8d4c9e,434,COSTA Rui Manuel,PT,Qualifications,1,2,2
2c8d4cc9-cbb6-480f-98a6-01e73a8d4c9e,434,COSTA Rui Manuel,PT,1/16 finals,2,1,1
2c8d4cc9-cbb6-480f-98a6-01e73a8d4c9e,438,LEGAZPI Ruben,ES,1/16 finals,2,1,1
2c8d4cc9-cbb6-480f-98a6-01e73a8d4c9e,438,LEGAZPI Ruben,ES,1/8 finals,3,1,1
2c8d4cc9-cbb6-480f-98a6-01e73a8d4c9e,438,LEGAZPI Ruben,ES,1/4 finals,4,1,1
2c8d4cc9-cbb6-480f-98a6-01e73a8d4c9e,538,KIRAZ Tolgahan,TR,1/16 finals,2,1,1
2c8d4cc9-cbb6-480f-98a6-01e73a8d4c9e,544,ANGUITA Carlos,ES,Qualifications,1,2,2
2c8d4cc9-cbb6-480f-98a6-01e73a8d4c9e,597,OLSSON Nalle,SE,Qualifications,1,1,1
2c8d4cc9-cbb6-480f-98a6-01e73a8d4c9e,597,OLSSON Nalle,SE,Qualifications,1,1,1
2c8d4cc9-cbb6-480f-98a6-01e73a8d4c9e,597,OLSSON Nalle,SE,1/16 finals,2,1,1
2c8d4cc9-cbb6-480f-98a6-01e73a8d4c9e,1509,LOWE Tom,DE,Qualifications,1,2,2
2c8d4cc9-cbb6-480f-98a6-01e73a8d4c9e,1509,LOWE Tom,DE,1/16 finals,2,1,1
2c8d4cc9-cbb6-480f-98a6-01e73a8d4c9e,1510,DEVOGELAERE Mikael,FR,Qualifications,1,2,2
2c8d4cc9-cbb6-480f-98a6-01e73a8d4c9e,1510,DEVOGELAERE Mikael,FR,1/16 finals,2,1,1
2c8d4cc9-cbb6-480f-98a6-01e73a8d4c9e,1510,DEVOGELAERE Mikael,FR,1/8 finals,3,1,1
2c8d4cc9-cbb6-480f-98a6-01e73a8d4c9e,1511,OZCAN Yilmaz,TR,Qualifications,1,2,2
2c8d4cc9-cbb6-480f-98a6-01e73a8d4c9e,1512,ANDERSEN Thomas,DK,Qualifications,1,2,2
2c8d4cc9-cbb6-480f-98a6-01e73a8d4c9e,1512,ANDERSEN Thomas,DK,1/16 finals,2,1,1
2c8d4cc9-cbb6-480f-98a6-01e73a8d4c9e,1514,CANTURK Kenan,CH,Qualifications,1,2,2
2c8d4cc9-cbb6-480f-98a6-01e73a8d4c9e,1532,KAHOFER Arnim,AT,1/16 finals,2,1,1
2c8d4cc9-cbb6-480f-98a6-01e73a8d4c9e,1533,SOARES Jose Miguel,PT,Qualifications,1,2,2
2c8d4cc9-cbb6-480f-98a6-01e73a8d4c9e,1540,JORISSEN Jeffrey,NL,Qualifications,1,2,2
2c8d4cc9-cbb6-480f-98a6-01e73a8d4c9e,1541,ORAK Turgay,TR,Qualifications,1,1,1
2c8d4cc9-cbb6-480f-98a6-01e73a8d4c9e,1541,ORAK Turgay,TR,Qualifications,1,1,1
2c8d4cc9-cbb6-480f-98a6-01e73a8d4c9e,1541,ORAK Turgay,TR,1/16 finals,2,1,1
2c8d4cc9-cbb6-480f-98a6-01e73a8d4c9e,1542,KOSTISTANSKY Gerhard,AT,Qualifications,1,1,1
2c8d4cc9-cbb6-480f-98a6-01e73a8d4c9e,1542,KOSTISTANSKY Gerhard,AT,Qualifications,1,1,1
2c8d4cc9-cbb6-480f-98a6-01e73a8d4c9e,1543,VAN Etten Sam,NL,Qualifications,1,1,1
2c8d4cc9-cbb6-480f-98a6-01e73a8d4c9e,1543,VAN Etten Sam,NL,Qualifications,1,1,1
2c8d4cc9-cbb6-480f-98a6-01e73a8d4c9e,1543,VAN Etten Sam,NL,1/16 finals,2,1,1
2c8d4cc9-cbb6-480f-98a6-01e73a8d4c9e,1543,VAN Etten Sam,NL,1/8 finals,3,1,1
2c8d4cc9-cbb6-480f-98a6-01e73a8d4c9e,1560,NOVAK Radek,CZ,Qualifications,1,2,2
2c8d4cc9-cbb6-480f-98a6-01e73a8d4c9e,1560,NOVAK Radek,CZ,1/16 finals,2,1,1
2c8d4cc9-cbb6-480f-98a6-01e73a8d4c9e,1566,PENNOR David,SE,Qualifications,1,1,1
2c8d4cc9-cbb6-480f-98a6-01e73a8d4c9e,1566,PENNOR David,SE,Qualifications,1,1,1
2c8d4cc9-cbb6-480f-98a6-01e73a8d4c9e,1570,BOUERDICK Tobias,DE,Qualifications,1,2,2
2c8d4cc9-cbb6-480f-98a6-01e73a8d4c9e,1589,MORALES Marcos,ES,Qualifications,1,1,1
2c8d4cc9-cbb6-480f-98a6-01e73a8d4c9e,1589,MORALES Marcos,ES,Qualifications,1,1,1
2c8d4cc9-cbb6-480f-98a6-01e73a8d4c9e,1589,MORALES Marcos,ES,1/16 finals,2,1,1
2c8d4cc9-cbb6-480f-98a6-01e73a8d4c9e,1618,NAPOLONI Theo,AL,Qualifications,1,2,2
2c8d4cc9-cbb6-480f-98a6-01e73a8d4c9e,2186,VARGA Peter,HU,Qualifications,1,2,2
2c8d4cc9-cbb6-480f-98a6-01e73a8d4c9e,2194,BEHZAT Cetin,CH,Qualifications,1,1,1
2c8d4cc9-cbb6-480f-98a6-01e73a8d4c9e,2194,BEHZAT Cetin,CH,Qualifications,1,1,1
2c8d4cc9-cbb6-480f-98a6-01e73a8d4c9e,2194,BEHZAT Cetin,CH,1/16 finals,2,1,1
2c8d4cc9-cbb6-480f-98a6-01e73a8d4c9e,2238,VAN Erp Jean,NL,Qualifications,1,1,1
2c8d4cc9-cbb6-480f-98a6-01e73a8d4c9e,2238,VAN Erp Jean,NL,Qualifications,1,1,1
2c8d4cc9-cbb6-480f-98a6-01e73a8d4c9e,2238,VAN Erp Jean,NL,1/16 finals,2,1,1
2c8d4cc9-cbb6-480f-98a6-01e73a8d4c9e,2311,PINTO Luis,PT,Qualifications,1,1,1
2c8d4cc9-cbb6-480f-98a6-01e73a8d4c9e,2311,PINTO Luis,PT,Qualifications,1,1,1
2c8d4cc9-cbb6-480f-98a6-01e73a8d4c9e,2426,ΤΣΟΚΑΝΤΑΣ Διονυσης,GR,Qualifications,1,1,1
2c8d4cc9-cbb6-480f-98a6-01e73a8d4c9e,2426,ΤΣΟΚΑΝΤΑΣ Διονυσης,GR,Qualifications,1,1,1
2c8d4cc9-cbb6-480f-98a6-01e73a8d4c9e,2484,SAINZ-PARDO Daniel,ES,Qualifications,1,2,2
2c8d4cc9-cbb6-480f-98a6-01e73a8d4c9e,2484,SAINZ-PARDO Daniel,ES,1/16 finals,2,1,1
2c8d4cc9-cbb6-480f-98a6-01e73a8d4c9e,2530,SØRENSEN Charlotte,DK,Qualifications,1,2,2
2c8d4cc9-cbb6-480f-98a6-01e73a8d4c9e,2614,KNUDSEN Brian,DK,Qualifications,1,1,1
2c8d4cc9-cbb6-480f-98a6-01e73a8d4c9e,2614,KNUDSEN Brian,DK,Qualifications,1,1,1
2c8d4cc9-cbb6-480f-98a6-01e73a8d4c9e,2634,SEBASTIAN Meling,NO,Qualifications,1,2,2
2c8d4cc9-cbb6-480f-98a6-01e73a8d4c9e,2646,EBELING Tommy,DK,Qualifications,1,1,1
2c8d4cc9-cbb6-480f-98a6-01e73a8d4c9e,2646,EBELING Tommy,DK,Qualifications,1,1,1
2c8d4cc9-cbb6-480f-98a6-01e73a8d4c9e,2646,EBELING Tommy,DK,1/16 finals,2,1,1
2c8d4cc9-cbb6-480f-98a6-01e73a8d4c9e,2735,AHOLA Jarno,Fi,Qualifications,1,2,2
2c8d4cc9-cbb6-480f-98a6-01e73a8d4c9e,2866,EGERT Lucas,DE,Qualifications,1,2,2
2c8d4cc9-cbb6-480f-98a6-01e73a8d4c9e,2866,EGERT Lucas,DE,1/16 finals,2,1,1
2c8d4cc9-cbb6-480f-98a6-01e73a8d4c9e,2996,HJORT Timo,FI,Qualifications,1,2,2
2c8d4cc9-cbb6-480f-98a6-01e73a8d4c9e,3006,STEINER Gábor,HU,Qualifications,1,2,2
2c8d4cc9-cbb6-480f-98a6-01e73a8d4c9e,3008,BJØRNSTAD Jo,NO,Qualifications,1,1,1
2c8d4cc9-cbb6-480f-98a6-01e73a8d4c9e,3008,BJØRNSTAD Jo,NO,Qualifications,1,1,1
2c8d4cc9-cbb6-480f-98a6-01e73a8d4c9e,3010,ALIEVSKI Ratcha,SE,Qualifications,1,2,2
2c8d4cc9-cbb6-480f-98a6-01e73a8d4c9e,3070,IBRAIMOV Amir,DE,Qualifications,1,2,2
2c8d4cc9-cbb6-480f-98a6-01e73a8d4c9e,3162,LEGAZPI Adrian,ES,Qualifications,1,2,2
2c8d4cc9-cbb6-480f-98a6-01e73a8d4c9e,3163,TEMPELERS Bryan,LU,Qualifications,1,2,2
2c8d4cc9-cbb6-480f-98a6-01e73a8d4c9e,3164,WEISS Alexander,AT,Qualifications,1,1,1
2c8d4cc9-cbb6-480f-98a6-01e73a8d4c9e,3164,WEISS Alexander,AT,Qualifications,1,1,1
2c8d4cc9-cbb6-480f-98a6-01e73a8d4c9e,3168,GLENN Hofman,NL,1/16 finals,2,1,1
2c8d4cc9-cbb6-480f-98a6-01e73a8d4c9e,3168,GLENN Hofman,NL,1/8 finals,3,1,1
2c8d4cc9-cbb6-480f-98a6-01e73a8d4c9e,3178,PALLUCCA Carlo,LU,Qualifications,1,2,2
2c8d4cc9-cbb6-480f-98a6-01e73a8d4c9e,3182,CEYLAN Mustafa,TR,Qualifications,1,2,2
35b08ee0-c07f-4c65-9e6f-3c9e9f6b2b91,104,ΜΑΤΙΑΚΗΣ Αθανασιος,GR,PPPQ,1,2,2
35b08ee0-c07f-4c65-9e6f-3c9e9f6b2b91,104,ΜΑΤΙΑΚΗΣ Αθανασιος,GR,PPQ,2,2,2
35b08ee0-c07f-4c65-9e6f-3c9e9f6b2b91,127,ΠΑΠΑΚΩΝΣΤΑΝΤΙΝΟΥ Κωνσταντινος,GR,PPQ,2,1,1
35b08ee0-c07f-4c65-9e6f-3c9e9f6b2b91,127,ΠΑΠΑΚΩΝΣΤΑΝΤΙΝΟΥ Κωνσταντινος,GR,PPQ,2,1,1
35b08ee0-c07f-4c65-9e6f-3c9e9f6b2b91,135,PEKER Muharrem,TR,PQ,3,1,1
35b08ee0-c07f-4c65-9e6f-3c9e9f6b2b91,135,PEKER Muharrem,TR,PQ,3,1,1
35b08ee0-c07f-4c65-9e6f-3c9e9f6b2b91,135,PEKER Muharrem,TR,Q,4,2,2
35b08ee0-c07f-4c65-9e6f-3c9e9f6b2b91,142,ΠΟΛΥΧΡΟΝΟΠΟΥΛΟΣ Νικολαος,GR,Q,4,2,2
35b08ee0-c07f-4c65-9e6f-3c9e9f6b2b91,151,ΣΕΛΕΒΕΝΤΑΣ Δημητριος,GR,PQ,3,2,2
35b08ee0-c07f-4c65-9e6f-3c9e9f6b2b91,151,ΣΕΛΕΒΕΝΤΑΣ Δημητριος,GR,Q,4,2,2
35b08ee0-c07f-4c65-9e6f-3c9e9f6b2b91,212,BLOMDAHL Torbjörn,SE,Q,4,2,2
35b08ee0-c07f-4c65-9e6f-3c9e9f6b2b91,212,BLOMDAHL Torbjörn,SE,1/16 MAIN TOURNAMENT,5,3,3
35b08ee0-c07f-4c65-9e6f-3c9e9f6b2b91,213,CAUDRON Frederic,BE,1/16 MAIN TOURNAMENT,5,2,2
35b08ee0-c07f-4c65-9e6f-3c9e9f6b2b91,213,CAUDRON Frederic,BE,1/16 MAIN TOURNAMENT,5,1,1
35b08ee0-c07f-4c65-9e6f-3c9e9f6b2b91,214,BURY Jeremy,FR,1/16 MAIN TOURNAMENT,5,1,1
35b08ee0-c07f-4c65-9e6f-3c9e9f6b2b91,214,BURY Jeremy,FR,1/16 MAIN TOURNAMENT,5,2,2
35b08ee0-c07f-4c65-9e6f-3c9e9f6b2b91,215,ZANETTI Marco,IT,1/16 MAIN TOURNAMENT,5,3,3
35b08ee0-c07f-4c65-9e6f-3c9e9f6b2b91,216,MERCKX Eddy,BE,1/16 MAIN TOURNAMENT,5,3,3
35b08ee0-c07f-4c65-9e6f-3c9e9f6b2b91,216,MERCKX Eddy,BE,1/8 FINAL TOURNAMENT,6,2,2
35b08ee0-c07f-4c65-9e6f-3c9e9f6b2b91,216,MERCKX Eddy,BE,1/8 FINAL TOURNAMENT,6,2,2
35b08ee0-c07f-4c65-9e6f-3c9e9f6b2b91,218,JASPERS Dick,NL,1/16 MAIN TOURNAMENT,5,3,3
35b08ee0-c07f-4c65-9e6f-3c9e9f6b2b91,218,JASPERS Dick,NL,1/8 FINAL TOURNAMENT,6,1,1
35b08ee0-c07f-4c65-9e6f-3c9e9f6b2b91,229,HEO Jung Han,KR,Q,4,2,2
35b08ee0-c07f-4c65-9e6f-3c9e9f6b2b91,229,HEO Jung Han,KR,1/16 MAIN TOURNAMENT,5,2,2
35b08ee0-c07f-4c65-9e6f-3c9e9f6b2b91,229,HEO Jung Han,KR,1/16 MAIN TOURNAMENT,5,1,1
35b08ee0-c07f-4c65-9e6f-3c9e9f6b2b91,229,HEO Jung Han,KR,1/8 FINAL TOURNAMENT,6,3,3
35b08ee0-c07f-4c65-9e6f-3c9e9f6b2b91,229,HEO Jung Han,KR,1/8 FINAL TOURNAMENT,6,1,1
35b08ee0-c07f-4c65-9e6f-3c9e9f6b2b91,231,TASDEMIR Tayfun,TR,1/16 MAIN TOURNAMENT,5,3,3
35b08ee0-c07f-4c65-9e6f-3c9e9f6b2b91,231,TASDEMIR Tayfun,TR,1/8 FINAL TOURNAMENT,6,1,1
35b08ee0-c07f-4c65-9e6f-3c9e9f6b2b91,245,CEULEMANS Peter,BE,Q,4,2,2
35b08ee0-c07f-4c65-9e6f-3c9e9f6b2b91,245,CEULEMANS Peter,BE,1/16 MAIN TOURNAMENT,5,2,2
35b08ee0-c07f-4c65-9e6f-3c9e9f6b2b91,245,CEULEMANS Peter,BE,1/16 MAIN TOURNAMENT,5,1,1
35b08ee0-c07f-4c65-9e6f-3c9e9f6b2b91,245,CEULEMANS Peter,BE,1/8 FINAL TOURNAMENT,6,2,2
35b08ee0-c07f-4c65-9e6f-3c9e9f6b2b91,246,FORTHOMME Roland,BE,Q,4,2,2
35b08ee0-c07f-4c65-9e6f-3c9e9f6b2b91,246,FORTHOMME Roland,BE,1/16 MAIN TOURNAMENT,5,2,2
35b08ee0-c07f-4c65-9e6f-3c9e9f6b2b91,246,FORTHOMME Roland,BE,1/16 MAIN TOURNAMENT,5,1,1
35b08ee0-c07f-4c65-9e6f-3c9e9f6b2b91,246,FORTHOMME Roland,BE,1/8 FINAL TOURNAMENT,6,1,1
35b08ee0-c07f-4c65-9e6f-3c9e9f6b2b91,328,KARAKURT Omer,TR,Q,4,1,1
35b08ee0-c07f-4c65-9e6f-3c9e9f6b2b91,328,KARAKURT Omer,TR,Q,4,1,1
35b08ee0-c07f-4c65-9e6f-3c9e9f6b2b91,329,KARAKURT Berkay,TR,1/16 MAIN TOURNAMENT,5,3,3
35b08ee0-c07f-4c65-9e6f-3c9e9f6b2b91,329,KARAKURT Berkay,TR,1/8 FINAL TOURNAMENT,6,2,2
35b08ee0-c07f-4c65-9e6f-3c9e9f6b2b91,329,KARAKURT Berkay,TR,1/8 FINAL TOURNAMENT,6,1,1
35b08ee0-c07f-4c65-9e6f-3c9e9f6b2b91,338,CHO Myung Woo,KR,1/16 MAIN TOURNAMENT,5,3,3
35b08ee0-c07f-4c65-9e6f-3c9e9f6b2b91,338,CHO Myung Woo,KR,1/8 FINAL TOURNAMENT,6,1,1
35b08ee0-c07f-4c65-9e6f-3c9e9f6b2b91,338,CHO Myung Woo,KR,1/8 FINAL TOURNAMENT,6,1,1
35b08ee0-c07f-4c65-9e6f-3c9e9f6b2b91,342,HORN Martin,DE,1/16 MAIN TOURNAMENT,5,3,3
35b08ee0-c07f-4c65-9e6f-3c9e9f6b2b91,342,HORN Martin,DE,1/8 FINAL TOURNAMENT,6,2,2
35b08ee0-c07f-4c65-9e6f-3c9e9f6b2b91,343,SIDHOM Sameh,EG,1/16 MAIN TOURNAMENT,5,3,3
35b08ee0-c07f-4c65-9e6f-3c9e9f6b2b91,346,ARANHA Mario G,PT,PPPQ,1,2,2
35b08ee0-c07f-4c65-9e6f-3c9e9f6b2b91,349,JIMENEZ Sergio,ES,Q,4,2,2
35b08ee0-c07f-4c65-9e6f-3c9e9f6b2b91,349,JIMENEZ Sergio,ES,1/16 MAIN TOURNAMENT,5,3,3
35b08ee0-c07f-4c65-9e6f-3c9e9f6b2b91,351,CATANO Huberney,CO,Q,4,1,1
35b08ee0-c07f-4c65-9e6f-3c9e9f6b2b91,351,CATANO Huberney,CO,Q,4,1,1
35b08ee0-c07f-4c65-9e6f-3c9e9f6b2b91,352,SALAZAR Alexander,CO,PPQ,2,2,2
35b08ee0-c07f-4c65-9e6f-3c9e9f6b2b91,352,SALAZAR Alexander,CO,PQ,3,2,2
35b08ee0-c07f-4c65-9e6f-3c9e9f6b2b91,352,SALAZAR Alexander,CO,Q,4,2,2
35b08ee0-c07f-4c65-9e6f-3c9e9f6b2b91,358,PHILIPOOM Jozef,BE,PPQ,2,2,2
35b08ee0-c07f-4c65-9e6f-3c9e9f6b2b91,369,UYMAZ Birol,TR,Q,4,1,1
35b08ee0-c07f-4c65-9e6f-3c9e9f6b2b91,369,UYMAZ Birol,TR,Q,4,1,1
35b08ee0-c07f-4c65-9e6f-3c9e9f6b2b91,369,UYMAZ Birol,TR,1/16 MAIN TOURNAMENT,5,1,1
35b08ee0-c07f-4c65-9e6f-3c9e9f6b2b91,369,UYMAZ Birol,TR,1/16 MAIN TOURNAMENT,5,2,2
35b08ee0-c07f-4c65-9e6f-3c9e9f6b2b91,369,UYMAZ Birol,TR,1/8 FINAL TOURNAMENT,6,1,1
35b08ee0-c07f-4c65-9e6f-3c9e9f6b2b91,376,MAURER Claus,AT,PQ,3,1,1
35b08ee0-c07f-4c65-9e6f-3c9e9f6b2b91,376,MAURER Claus,AT,PQ,3,1,1
35b08ee0-c07f-4c65-9e6f-3c9e9f6b2b91,394,KIYOTA Atsushi,JP,PQ,3,1,1
35b08ee0-c07f-4c65-9e6f-3c9e9f6b2b91,394,KIYOTA Atsushi,JP,PQ,3,1,1
35b08ee0-c07f-4c65-9e6f-3c9e9f6b2b91,412,GOREN Mehmet,TR,PQ,3,1,1
35b08ee0-c07f-4c65-9e6f-3c9e9f6b2b91,412,GOREN Mehmet,TR,PQ,3,1,1
35b08ee0-c07f-4c65-9e6f-3c9e9f6b2b91,412,GOREN Mehmet,TR,Q,4,2,2
35b08ee0-c07f-4c65-9e6f-3c9e9f6b2b91,415,THUER Herbert,AT,PPPQ,1,1,1
35b08ee0-c07f-4c65-9e6f-3c9e9f6b2b91,415,THUER Herbert,AT,PPPQ,1,1,1
35b08ee0-c07f-4c65-9e6f-3c9e9f6b2b91,416,MAS José-Maria,ES,PPQ,2,2,2
35b08ee0-c07f-4c65-9e6f-3c9e9f6b2b91,416,MAS José-Maria,ES,PQ,3,2,2
35b08ee0-c07f-4c65-9e6f-3c9e9f6b2b91,422,SOUMAGNE Pierre,FR,PQ,3,2,2
35b08ee0-c07f-4c65-9e6f-3c9e9f6b2b91,434,COSTA Rui Manuel,PT,1/16 MAIN TOURNAMENT,5,3,3
35b08ee0-c07f-4c65-9e6f-3c9e9f6b2b91,435,ALP Ahmet,TR,PQ,3,1,1
35b08ee0-c07f-4c65-9e6f-3c9e9f6b2b91,435,ALP Ahmet,TR,PQ,3,1,1
35b08ee0-c07f-4c65-9e6f-3c9e9f6b2b91,435,ALP Ahmet,TR,Q,4,2,2
35b08ee0-c07f-4c65-9e6f-3c9e9f6b2b91,435,ALP Ahmet,TR,1/16 MAIN TOURNAMENT,5,1,1
35b08ee0-c07f-4c65-9e6f-3c9e9f6b2b91,435,ALP Ahmet,TR,1/16 MAIN TOURNAMENT,5,2,2
35b08ee0-c07f-4c65-9e6f-3c9e9f6b2b91,438,LEGAZPI Ruben,ES,Q,4,2,2
35b08ee0-c07f-4c65-9e6f-3c9e9f6b2b91,438,LEGAZPI Ruben,ES,1/16 MAIN TOURNAMENT,5,1,1
35b08ee0-c07f-4c65-9e6f-3c9e9f6b2b91,438,LEGAZPI Ruben,ES,1/16 MAIN TOURNAMENT,5,2,2
35b08ee0-c07f-4c65-9e6f-3c9e9f6b2b91,438,LEGAZPI Ruben,ES,1/8 FINAL TOURNAMENT,6,1,1
35b08ee0-c07f-4c65-9e6f-3c9e9f6b2b91,443,TRAN Quyet Chien,VN,1/16 MAIN TOURNAMENT,5,2,2
35b08ee0-c07f-4c65-9e6f-3c9e9f6b2b91,443,TRAN Quyet Chien,VN,1/16 MAIN TOURNAMENT,5,1,1
35b08ee0-c07f-4c65-9e6f-3c9e9f6b2b91,493,DE Backer Peter,BE,PPPQ,1,2,2
35b08ee0-c07f-4c65-9e6f-3c9e9f6b2b91,493,DE Backer Peter,BE,PPQ,2,2,2
35b08ee0-c07f-4c65-9e6f-3c9e9f6b2b91,502,ANDRADE Paulo,PT,PPPQ,1,2,2
35b08ee0-c07f-4c65-9e6f-3c9e9f6b2b91,509,GOMES Joao,PT,PPPQ,1,1,1
35b08ee0-c07f-4c65-9e6f-3c9e9f6b2b91,509,GOMES Joao,PT,PPPQ,1,1,1
35b08ee0-c07f-4c65-9e6f-3c9e9f6b2b91,517,SANTOS Oliveira Manuel,PT,PPPQ,1,1,1
35b08ee0-c07f-4c65-9e6f-3c9e9f6b2b91,517,SANTOS Oliveira Manuel,PT,PPPQ,1,1,1
35b08ee0-c07f-4c65-9e6f-3c9e9f6b2b91,517,SANTOS Oliveira Manuel,PT,PPQ,2,2,2
35b08ee0-c07f-4c65-9e6f-3c9e9f6b2b91,538,KIRAZ Tolgahan,TR,Q,4,2,2
35b08ee0-c07f-4c65-9e6f-3c9e9f6b2b91,538,KIRAZ Tolgahan,TR,1/16 MAIN TOURNAMENT,5,3,3
35b08ee0-c07f-4c65-9e6f-3c9e9f6b2b91,538,KIRAZ Tolgahan,TR,1/8 FINAL TOURNAMENT,6,1,1
35b08ee0-c07f-4c65-9e6f-3c9e9f6b2b91,544,ANGUITA Carlos,ES,PPQ,2,1,1
35b08ee0-c07f-4c65-9e6f-3c9e9f6b2b91,544,ANGUITA Carlos,ES,PPQ,2,1,1
35b08ee0-c07f-4c65-9e6f-3c9e9f6b2b91,547,DE Kruijf Jordy,NL,PQ,3,1,1
35b08ee0-c07f-4c65-9e6f-3c9e9f6b2b91,547,DE Kruijf Jordy,NL,PQ,3,1,1
35b08ee0-c07f-4c65-9e6f-3c9e9f6b2b91,578,KIM Haeng Jik,KR,1/16 MAIN TOURNAMENT,5,1,1
35b08ee0-c07f-4c65-9e6f-3c9e9f6b2b91,578,KIM Haeng Jik,KR,1/16 MAIN TOURNAMENT,5,2,2
35b08ee0-c07f-4c65-9e6f-3c9e9f6b2b91,578,KIM Haeng Jik,KR,1/8 FINAL TOURNAMENT,6,1,1
35b08ee0-c07f-4c65-9e6f-3c9e9f6b2b91,578,KIM Haeng Jik,KR,1/8 FINAL TOURNAMENT,6,1,1
35b08ee0-c07f-4c65-9e6f-3c9e9f6b2b91,595,GARCIA Jose Juan,CO,PQ,3,1,1
35b08ee0-c07f-4c65-9e6f-3c9e9f6b2b91,595,GARCIA Jose Juan,CO,PQ,3,1,1
35b08ee0-c07f-4c65-9e6f-3c9e9f6b2b91,595,GARCIA Jose Juan,CO,Q,4,2,2
35b08ee0-c07f-4c65-9e6f-3c9e9f6b2b91,607,CHOI Wan Young ,KR,Q,4,1,1
35b08ee0-c07f-4c65-9e6f-3c9e9f6b2b91,607,CHOI Wan Young ,KR,Q,4,1,1
35b08ee0-c07f-4c65-9e6f-3c9e9f6b2b91,607,CHOI Wan Young ,KR,1/16 MAIN TOURNAMENT,5,3,3
35b08ee0-c07f-4c65-9e6f-3c9e9f6b2b91,1507,TRAN Thanh Luc,VN,1/16 MAIN TOURNAMENT,5,2,2
35b08ee0-c07f-4c65-9e6f-3c9e9f6b2b91,1507,TRAN Thanh Luc,VN,1/16 MAIN TOURNAMENT,5,1,1
35b08ee0-c07f-4c65-9e6f-3c9e9f6b2b91,1508,THAI Hong Chiem,VN,Q,4,2,2
35b08ee0-c07f-4c65-9e6f-3c9e9f6b2b91,1508,THAI Hong Chiem,VN,1/16 MAIN TOURNAMENT,5,3,3
35b08ee0-c07f-4c65-9e6f-3c9e9f6b2b91,1508,THAI Hong Chiem,VN,1/8 FINAL TOURNAMENT,6,2,2
35b08ee0-c07f-4c65-9e6f-3c9e9f6b2b91,1508,THAI Hong Chiem,VN,1/8 FINAL TOURNAMENT,6,1,1
35b08ee0-c07f-4c65-9e6f-3c9e9f6b2b91,1509,LOWE Tom,DE,PQ,3,1,1
35b08ee0-c07f-4c65-9e6f-3c9e9f6b2b91,1509,LOWE Tom,DE,PQ,3,1,1
35b08ee0-c07f-4c65-9e6f-3c9e9f6b2b91,1510,DEVOGELAERE Mikael,FR,PQ,3,2,2
35b08ee0-c07f-4c65-9e6f-3c9e9f6b2b91,1522,BAO Phuong Vinh,VN,Q,4,2,2
35b08ee0-c07f-4c65-9e6f-3c9e9f6b2b91,1522,BAO Phuong Vinh,VN,1/16 MAIN TOURNAMENT,5,1,1
35b08ee0-c07f-4c65-9e6f-3c9e9f6b2b91,1522,BAO Phuong Vinh,VN,1/16 MAIN TOURNAMENT,5,2,2
35b08ee0-c07f-4c65-9e6f-3c9e9f6b2b91,1524,AWWAD Naser,JO,1/16 MAIN TOURNAMENT,5,3,3
35b08ee0-c07f-4c65-9e6f-3c9e9f6b2b91,1532,KAHOFER Arnim,AT,Q,4,2,2
35b08ee0-c07f-4c65-9e6f-3c9e9f6b2b91,1533,SOARES Jose Miguel,PT,1/16 MAIN TOURNAMENT,5,3,3
35b08ee0-c07f-4c65-9e6f-3c9e9f6b2b91,1536,HOFMAN Glenn,NL,1/16 MAIN TOURNAMENT,5,2,2
35b08ee0-c07f-4c65-9e6f-3c9e9f6b2b91,1536,HOFMAN Glenn,NL,1/16 MAIN TOURNAMENT,5,1,1
35b08ee0-c07f-4c65-9e6f-3c9e9f6b2b91,1536,HOFMAN Glenn,NL,1/8 FINAL TOURNAMENT,6,1,1
35b08ee0-c07f-4c65-9e6f-3c9e9f6b2b91,1537,CHA Myeong Jong,KR,Q,4,1,1
35b08ee0-c07f-4c65-9e6f-3c9e9f6b2b91,1537,CHA Myeong Jong,KR,Q,4,1,1
35b08ee0-c07f-4c65-9e6f-3c9e9f6b2b91,1539,HWANG Bong Joo,KR,Q,4,2,2
35b08ee0-c07f-4c65-9e6f-3c9e9f6b2b91,1540,JORISSEN Jeffrey,NL,PQ,3,2,2
35b08ee0-c07f-4c65-9e6f-3c9e9f6b2b91,1540,JORISSEN Jeffrey,NL,Q,4,2,2
35b08ee0-c07f-4c65-9e6f-3c9e9f6b2b91,1541,ORAK Turgay,TR,PQ,3,2,2
35b08ee0-c07f-4c65-9e6f-3c9e9f6b2b91,1541,ORAK Turgay,TR,Q,4,2,2
35b08ee0-c07f-4c65-9e6f-3c9e9f6b2b91,1541,ORAK Turgay,TR,1/16 MAIN TOURNAMENT,5,1,1
35b08ee0-c07f-4c65-9e6f-3c9e9f6b2b91,1541,ORAK Turgay,TR,1/16 MAIN TOURNAMENT,5,2,2
35b08ee0-c07f-4c65-9e6f-3c9e9f6b2b91,1541,ORAK Turgay,TR,1/8 FINAL TOURNAMENT,6,1,1
35b08ee0-c07f-4c65-9e6f-3c9e9f6b2b91,1542,KOSTISTANSKY Gerhard,AT,PQ,3,2,2
35b08ee0-c07f-4c65-9e6f-3c9e9f6b2b91,1543,VAN Etten Sam,NL,PQ,3,2,2
35b08ee0-c07f-4c65-9e6f-3c9e9f6b2b91,1544,KANG Ja In,KR,Q,4,1,1
35b08ee0-c07f-4c65-9e6f-3c9e9f6b2b91,1544,KANG Ja In,KR,Q,4,1,1
35b08ee0-c07f-4c65-9e6f-3c9e9f6b2b91,1545,VASSEUR Kevin,FR,PQ,3,1,1
35b08ee0-c07f-4c65-9e6f-3c9e9f6b2b91,1545,VASSEUR Kevin,FR,PQ,3,1,1
35b08ee0-c07f-4c65-9e6f-3c9e9f6b2b91,1546,YAVUZ Tarik,TR,PQ,3,1,1
35b08ee0-c07f-4c65-9e6f-3c9e9f6b2b91,1546,YAVUZ Tarik,TR,PQ,3,1,1
35b08ee0-c07f-4c65-9e6f-3c9e9f6b2b91,1548,WILKOWSKI Huub,NL,PQ,3,1,1
35b08ee0-c07f-4c65-9e6f-3c9e9f6b2b91,1548,WILKOWSKI Huub,NL,PQ,3,1,1
35b08ee0-c07f-4c65-9e6f-3c9e9f6b2b91,1549,STAMM Lukas,DE,PQ,3,2,2
35b08ee0-c07f-4c65-9e6f-3c9e9f6b2b91,1550,SAEIJS Alain,BE,PQ,3,1,1
35b08ee0-c07f-4c65-9e6f-3c9e9f6b2b91,1550,SAEIJS Alain,BE,PQ,3,1,1
35b08ee0-c07f-4c65-9e6f-3c9e9f6b2b91,1551,RAHMET Muammer,TR,PQ,3,2,2
35b08ee0-c07f-4c65-9e6f-3c9e9f6b2b91,1552,BAS Serdal,TR,PQ,3,2,2
35b08ee0-c07f-4c65-9e6f-3c9e9f6b2b91,1553,KORKMAZ Fatih,TR,PPQ,2,2,2
35b08ee0-c07f-4c65-9e6f-3c9e9f6b2b91,1554,CETIN Volkan,NL,PQ,3,2,2
35b08ee0-c07f-4c65-9e6f-3c9e9f6b2b91,1559,PANAIA Maxime,FR,PQ,3,2,2
35b08ee0-c07f-4c65-9e6f-3c9e9f6b2b91,1559,PANAIA Maxime,FR,Q,4,2,2
35b08ee0-c07f-4c65-9e6f-3c9e9f6b2b91,1561,GULBAY Ali,TR,PQ,3,2,2
35b08ee0-c07f-4c65-9e6f-3c9e9f6b2b91,1562,MOULOS Vangelis,GR,PQ,3,1,1
35b08ee0-c07f-4c65-9e6f-3c9e9f6b2b91,1562,MOULOS Vangelis,GR,PQ,3,1,1
35b08ee0-c07f-4c65-9e6f-3c9e9f6b2b91,1564,MINAOGLU Manolis,TR,PPQ,2,2,2
35b08ee0-c07f-4c65-9e6f-3c9e9f6b2b91,1565,KABAK Gurhan,DE,PPQ,2,1,1
35b08ee0-c07f-4c65-9e6f-3c9e9f6b2b91,1565,KABAK Gurhan,DE,PPQ,2,1,1
35b08ee0-c07f-4c65-9e6f-3c9e9f6b2b91,1566,PENNOR David,SE,PPQ,2,2,2
35b08ee0-c07f-4c65-9e6f-3c9e9f6b2b91,1566,PENNOR David,SE,PQ,3,2,2
35b08ee0-c07f-4c65-9e6f-3c9e9f6b2b91,1567,ESEN Ismet,TR,PPQ,2,1,1
35b08ee0-c07f-4c65-9e6f-3c9e9f6b2b91,1567,ESEN Ismet,TR,PPQ,2,1,1
35b08ee0-c07f-4c65-9e6f-3c9e9f6b2b91,1570,BOUERDICK Tobias,DE,PQ,3,2,2
35b08ee0-c07f-4c65-9e6f-3c9e9f6b2b91,1570,BOUERDICK Tobias,DE,Q,4,1,1
35b08ee0-c07f-4c65-9e6f-3c9e9f6b2b91,1570,BOUERDICK Tobias,DE,Q,4,1,1
35b08ee0-c07f-4c65-9e6f-3c9e9f6b2b91,1573,IBRAIMOV Ali,DE,PPQ,2,2,2
35b08ee0-c07f-4c65-9e6f-3c9e9f6b2b91,1577,AKKOCA Denizcan,TR,PPQ,2,1,1
35b08ee0-c07f-4c65-9e6f-3c9e9f6b2b91,1577,AKKOCA Denizcan,TR,PPQ,2,1,1
35b08ee0-c07f-4c65-9e6f-3c9e9f6b2b91,1577,AKKOCA Denizcan,TR,PQ,3,2,2
35b08ee0-c07f-4c65-9e6f-3c9e9f6b2b91,1578,LONG Nguyen Chi,VN,PQ,3,1,1
35b08ee0-c07f-4c65-9e6f-3c9e9f6b2b91,1578,LONG Nguyen Chi,VN,PQ,3,1,1
35b08ee0-c07f-4c65-9e6f-3c9e9f6b2b91,1578,LONG Nguyen Chi,VN,Q,4,2,2
35b08ee0-c07f-4c65-9e6f-3c9e9f6b2b91,1579,MORTENSEN Lukas,DK,PPQ,2,2,2
35b08ee0-c07f-4c65-9e6f-3c9e9f6b2b91,1580,LATORRE Christian,CO,PPQ,2,2,2
35b08ee0-c07f-4c65-9e6f-3c9e9f6b2b91,1589,MORALES Marcos,ES,PPQ,2,2,2
35b08ee0-c07f-4c65-9e6f-3c9e9f6b2b91,1589,MORALES Marcos,ES,PQ,3,2,2
35b08ee0-c07f-4c65-9e6f-3c9e9f6b2b91,1589,MORALES Marcos,ES,Q,4,1,1
35b08ee0-c07f-4c65-9e6f-3c9e9f6b2b91,1589,MORALES Marcos,ES,Q,4,1,1
35b08ee0-c07f-4c65-9e6f-3c9e9f6b2b91,1590,JACQUEMOND Olivier,FR,PPQ,2,2,2
35b08ee0-c07f-4c65-9e6f-3c9e9f6b2b91,1595,CIN Aygun,DE,PPQ,2,2,2
35b08ee0-c07f-4c65-9e6f-3c9e9f6b2b91,1595,CIN Aygun,DE,PQ,3,2,2
35b08ee0-c07f-4c65-9e6f-3c9e9f6b2b91,1596,KAPUSIZ Ufuk,TR,PQ,3,1,1
35b08ee0-c07f-4c65-9e6f-3c9e9f6b2b91,1596,KAPUSIZ Ufuk,TR,PQ,3,1,1
35b08ee0-c07f-4c65-9e6f-3c9e9f6b2b91,1614,DURIEZ Nathan,FR,PPQ,2,1,1
35b08ee0-c07f-4c65-9e6f-3c9e9f6b2b91,1614,DURIEZ Nathan,FR,PPQ,2,1,1
35b08ee0-c07f-4c65-9e6f-3c9e9f6b2b91,1614,DURIEZ Nathan,FR,PQ,3,2,2
35b08ee0-c07f-4c65-9e6f-3c9e9f6b2b91,1626,YILMAZ Vedat,TR,PPQ,2,1,1
35b08ee0-c07f-4c65-9e6f-3c9e9f6b2b91,1626,YILMAZ Vedat,TR,PPQ,2,1,1
35b08ee0-c07f-4c65-9e6f-3c9e9f6b2b91,1645,ANDALUZ Blazquez Valentin,ES,PPPQ,1,2,2
35b08ee0-c07f-4c65-9e6f-3c9e9f6b2b91,1650,MELNYTSCHENKO Cedric,FR,PPPQ,1,2,2
35b08ee0-c07f-4c65-9e6f-3c9e9f6b2b91,1655,BACHMAIER Roman,DE,PPPQ,1,1,1
35b08ee0-c07f-4c65-9e6f-3c9e9f6b2b91,1655,BACHMAIER Roman,DE,PPPQ,1,1,1
35b08ee0-c07f-4c65-9e6f-3c9e9f6b2b91,1655,BACHMAIER Roman,DE,PPQ,2,2,2
35b08ee0-c07f-4c65-9e6f-3c9e9f6b2b91,1968,DE Bruijn Jean-Paul,NL,Q,4,1,1
35b08ee0-c07f-4c65-9e6f-3c9e9f6b2b91,1968,DE Bruijn Jean-Paul,NL,Q,4,1,1
35b08ee0-c07f-4c65-9e6f-3c9e9f6b2b91,2015,D'AGATA Alessio,IT,PPQ,2,2,2
35b08ee0-c07f-4c65-9e6f-3c9e9f6b2b91,2015,D'AGATA Alessio,IT,PQ,3,2,2
35b08ee0-c07f-4c65-9e6f-3c9e9f6b2b91,2045,DURIEZ Tangui,FR,PPPQ,1,2,2
35b08ee0-c07f-4c65-9e6f-3c9e9f6b2b91,2250,ANDALUZ Anton Valentin,ES,PPPQ,1,2,2
35b08ee0-c07f-4c65-9e6f-3c9e9f6b2b91,2255,ESCRIBANO Joseba,ES,PPQ,2,1,1
35b08ee0-c07f-4c65-9e6f-3c9e9f6b2b91,2255,ESCRIBANO Joseba,ES,PPQ,2,1,1
35b08ee0-c07f-4c65-9e6f-3c9e9f6b2b91,2255,ESCRIBANO Joseba,ES,PQ,3,2,2
35b08ee0-c07f-4c65-9e6f-3c9e9f6b2b91,2311,PINTO Luis,PT,PPPQ,1,1,1
35b08ee0-c07f-4c65-9e6f-3c9e9f6b2b91,2311,PINTO Luis,PT,PPPQ,1,1,1
35b08ee0-c07f-4c65-9e6f-3c9e9f6b2b91,2311,PINTO Luis,PT,PPQ,2,2,2
35b08ee0-c07f-4c65-9e6f-3c9e9f6b2b91,2311,PINTO Luis,PT,PQ,3,2,2
35b08ee0-c07f-4c65-9e6f-3c9e9f6b2b91,2329,SANTOS Gonçalo,PT,PPPQ,1,2,2
35b08ee0-c07f-4c65-9e6f-3c9e9f6b2b91,2491,PHILIPOOM Luca,NL,PPQ,2,1,1
35b08ee0-c07f-4c65-9e6f-3c9e9f6b2b91,2491,PHILIPOOM Luca,NL,PPQ,2,1,1
35b08ee0-c07f-4c65-9e6f-3c9e9f6b2b91,2569,CEYLAN Mustafa Oguz,TR,PPPQ,1,1,1
35b08ee0-c07f-4c65-9e6f-3c9e9f6b2b91,2569,CEYLAN Mustafa Oguz,TR,PPPQ,1,1,1
35b08ee0-c07f-4c65-9e6f-3c9e9f6b2b91,2569,CEYLAN Mustafa Oguz,TR,PPQ,2,2,2
35b08ee0-c07f-4c65-9e6f-3c9e9f6b2b91,2644,KAYA Abdullah,TR,PPPQ,1,1,1
35b08ee0-c07f-4c65-9e6f-3c9e9f6b2b91,2644,KAYA Abdullah,TR,PPPQ,1,1,1
35b08ee0-c07f-4c65-9e6f-3c9e9f6b2b91,2644,KAYA Abdullah,TR,PPQ,2,2,2
35b08ee0-c07f-4c65-9e6f-3c9e9f6b2b91,2721,RODRIGUES Francisco,PT,PPPQ,1,2,2
35b08ee0-c07f-4c65-9e6f-3c9e9f6b2b91,2852,CERKEZ Ataberk,TR,PPQ,2,1,1
35b08ee0-c07f-4c65-9e6f-3c9e9f6b2b91,2852,CERKEZ Ataberk,TR,PPQ,2,1,1
35b08ee0-c07f-4c65-9e6f-3c9e9f6b2b91,2852,CERKEZ Ataberk,TR,PQ,3,2,2
35b08ee0-c07f-4c65-9e6f-3c9e9f6b2b91,2852,CERKEZ Ataberk,TR,Q,4,1,1
35b08ee0-c07f-4c65-9e6f-3c9e9f6b2b91,2852,CERKEZ Ataberk,TR,Q,4,1,1
35b08ee0-c07f-4c65-9e6f-3c9e9f6b2b91,2866,EGERT Lucas,DE,PPQ,2,1,1
35b08ee0-c07f-4c65-9e6f-3c9e9f6b2b91,2866,EGERT Lucas,DE,PPQ,2,1,1
35b08ee0-c07f-4c65-9e6f-3c9e9f6b2b91,3070,IBRAIMOV Amir,DE,PPQ,2,2,2
35b08ee0-c07f-4c65-9e6f-3c9e9f6b2b91,3070,IBRAIMOV Amir,DE,PQ,3,2,2
35b08ee0-c07f-4c65-9e6f-3c9e9f6b2b91,3164,WEISS Alexander,AT,PPPQ,1,2,2
35b08ee0-c07f-4c65-9e6f-3c9e9f6b2b91,3164,WEISS Alexander,AT,PPQ,2,2,2
35b08ee0-c07f-4c65-9e6f-3c9e9f6b2b91,3363,PIZA Alejandro,CO,PPQ,2,1,1
35b08ee0-c07f-4c65-9e6f-3c9e9f6b2b91,3363,PIZA Alejandro,CO,PPQ,2,1,1
35b08ee0-c07f-4c65-9e6f-3c9e9f6b2b91,3365,MORALES Daniel,CO,PQ,3,2,2
35b08ee0-c07f-4c65-9e6f-3c9e9f6b2b91,3365,MORALES Daniel,CO,Q,4,1,1
35b08ee0-c07f-4c65-9e6f-3c9e9f6b2b91,3365,MORALES Daniel,CO,Q,4,1,1
35b08ee0-c07f-4c65-9e6f-3c9e9f6b2b91,3365,MORALES Daniel,CO,1/16 MAIN TOURNAMENT,5,1,1
35b08ee0-c07f-4c65-9e6f-3c9e9f6b2b91,3365,MORALES Daniel,CO,1/16 MAIN TOURNAMENT,5,2,2
35b08ee0-c07f-4c65-9e6f-3c9e9f6b2b91,3371,PHAM Quoc Thuan,VN,PPQ,2,2,2
35b08ee0-c07f-4c65-9e6f-3c9e9f6b2b91,3378,TAS Soner,TR,PPPQ,1,2,2
35b08ee0-c07f-4c65-9e6f-3c9e9f6b2b91,3378,TAS Soner,TR,PPQ,2,2,2
35b08ee0-c07f-4c65-9e6f-3c9e9f6b2b91,3379,KIM Min Suk,KR,PPQ,2,1,1
35b08ee0-c07f-4c65-9e6f-3c9e9f6b2b91,3379,KIM Min Suk,KR,PPQ,2,1,1
35b08ee0-c07f-4c65-9e6f-3c9e9f6b2b91,3379,KIM Min Suk,KR,PQ,3,2,2
35b08ee0-c07f-4c65-9e6f-3c9e9f6b2b91,3379,KIM Min Suk,KR,Q,4,2,2
35b08ee0-c07f-4c65-9e6f-3c9e9f6b2b91,3379,KIM Min Suk,KR,1/16 MAIN TOURNAMENT,5,1,1
35b08ee0-c07f-4c65-9e6f-3c9e9f6b2b91,3379,KIM Min Suk,KR,1/16 MAIN TOURNAMENT,5,2,2
35b08ee0-c07f-4c65-9e6f-3c9e9f6b2b91,3382,KIM Do Hyeon,KR,PQ,3,2,2
35b08ee0-c07f-4c65-9e6f-3c9e9f6b2b91,3382,KIM Do Hyeon,KR,Q,4,2,2
35b08ee0-c07f-4c65-9e6f-3c9e9f6b2b91,3398,GUNAYDIN Fahri,TR,PPQ,2,1,1
35b08ee0-c07f-4c65-9e6f-3c9e9f6b2b91,3398,GUNAYDIN Fahri,TR,PPQ,2,1,1
35b08ee0-c07f-4c65-9e6f-3c9e9f6b2b91,3401,CAN Cengiz,TR,PPPQ,1,2,2
35b08ee0-c07f-4c65-9e6f-3c9e9f6b2b91,3424,ULKU Mustafa,TR,PPPQ,1,2,2
35b08ee0-c07f-4c65-9e6f-3c9e9f6b2b91,3430,AYMAN Mahmoud,EG,PQ,3,1,1
35b08ee0-c07f-4c65-9e6f-3c9e9f6b2b91,3430,AYMAN Mahmoud,EG,PQ,3,1,1
35b08ee0-c07f-4c65-9e6f-3c9e9f6b2b91,3434,DENIZ Sezer,TR,PPPQ,1,2,2
35b08ee0-c07f-4c65-9e6f-3c9e9f6b2b91,3435,ISLI Onur,TR,PPPQ,1,2,2
35b08ee0-c07f-4c65-9e6f-3c9e9f6b2b91,3438,YANG Seungmo,KR,PPPQ,1,2,2
35b08ee0-c07f-4c65-9e6f-3c9e9f6b2b91,3438,YANG Seungmo,KR,PPQ,2,2,2
35b08ee0-c07f-4c65-9e6f-3c9e9f6b2b91,3446,PRASSAS Konstantinos,GR,PPQ,2,1,1
35b08ee0-c07f-4c65-9e6f-3c9e9f6b2b91,3446,PRASSAS Konstantinos,GR,PPQ,2,1,1
35b08ee0-c07f-4c65-9e6f-3c9e9f6b2b91,3463,KILICASLAN Aziz,TR,PPPQ,1,1,1
35b08ee0-c07f-4c65-9e6f-3c9e9f6b2b91,3463,KILICASLAN Aziz,TR,PPPQ,1,1,1
35b08ee0-c07f-4c65-9e6f-3c9e9f6b2b91,3463,KILICASLAN Aziz,TR,PPQ,2,2,2
35b08ee0-c07f-4c65-9e6f-3c9e9f6b2b91,3529,YILDIZ Cenk,TR,PPQ,2,2,2
35b08ee0-c07f-4c65-9e6f-3c9e9f6b2b91,3529,YILDIZ Cenk,TR,PQ,3,2,2
35b08ee0-c07f-4c65-9e6f-3c9e9f6b2b91,3535,ESCUDEIRO Jose,PT,PPPQ,1,2,2
35b08ee0-c07f-4c65-9e6f-3c9e9f6b2b91,3536,FIGUEIREDO Artur,PT,PPPQ,1,2,2
35b08ee0-c07f-4c65-9e6f-3c9e9f6b2b91,3538,MENDES Joaquim,PT,PPPQ,1,2,2
35b08ee0-c07f-4c65-9e6f-3c9e9f6b2b91,3538,MENDES Joaquim,PT,PPQ,2,2,2
35b08ee0-c07f-4c65-9e6f-3c9e9f6b2b91,3543,SILVA Anibal,PT,PPPQ,1,2,2
35b08ee0-c07f-4c65-9e6f-3c9e9f6b2b91,3543,SILVA Anibal,PT,PPQ,2,2,2
35b08ee0-c07f-4c65-9e6f-3c9e9f6b2b91,3544,TRUONG Tay Dien,DE,PPPQ,1,2,2
35b08ee0-c07f-4c65-9e6f-3c9e9f6b2b91,3557,NGUYEN Dinh Quoc,VN,PPQ,2,1,1
35b08ee0-c07f-4c65-9e6f-3c9e9f6b2b91,3557,NGUYEN Dinh Quoc,VN,PPQ,2,1,1
35b08ee0-c07f-4c65-9e6f-3c9e9f6b2b91,3557,NGUYEN Dinh Quoc,VN,PQ,3,2,2
35b08ee0-c07f-4c65-9e6f-3c9e9f6b2b91,3578,CAVUSOGLU Muhammed,TR,PPPQ,1,1,1
35b08ee0-c07f-4c65-9e6f-3c9e9f6b2b91,3578,CAVUSOGLU Muhammed,TR,PPPQ,1,1,1
35b08ee0-c07f-4c65-9e6f-3c9e9f6b2b91,3578,CAVUSOGLU Muhammed,TR,PPQ,2,2,2
35b08ee0-c07f-4c65-9e6f-3c9e9f6b2b91,3578,CAVUSOGLU Muhammed,TR,PQ,3,2,2
35b08ee0-c07f-4c65-9e6f-3c9e9f6b2b91,3763,REFASSI Badreddine,FR,PPPQ,1,1,1
35b08ee0-c07f-4c65-9e6f-3c9e9f6b2b91,3763,REFASSI Badreddine,FR,PPPQ,1,1,1
35b08ee0-c07f-4c65-9e6f-3c9e9f6b2b91,3763,REFASSI Badreddine,FR,PPQ,2,2,2
35b08ee0-c07f-4c65-9e6f-3c9e9f6b2b91,3766,GOKSU Volkan,TR,PPPQ,1,2,2
35b08ee0-c07f-4c65-9e6f-3c9e9f6b2b91,3890,SANTOS Coriolano,PT,PPPQ,1,2,2
35b08ee0-c07f-4c65-9e6f-3c9e9f6b2b91,3898,ANTUNES Jose,PT,PPPQ,1,2,2
35b08ee0-c07f-4c65-9e6f-3c9e9f6b2b91,4099,Paulo Palhares,PT,PPPQ,1,2,2
35b08ee0-c07f-4c65-9e6f-3c9e9f6b2b91,4157,MEKES Charles,NL,PPPQ,1,1,1
35b08ee0-c07f-4c65-9e6f-3c9e9f6b2b91,4157,MEKES Charles,NL,PPPQ,1,1,1
35b08ee0-c07f-4c65-9e6f-3c9e9f6b2b91,4260,JURADO Walter,DE,PPPQ,1,2,2
35b08ee0-c07f-4c65-9e6f-3c9e9f6b2b91,4333,BISCAIA Jose,PT,PPPQ,1,1,1
35b08ee0-c07f-4c65-9e6f-3c9e9f6b2b91,4333,BISCAIA Jose,PT,PPPQ,1,1,1
35b08ee0-c07f-4c65-9e6f-3c9e9f6b2b91,4337,FERNANDES Vitor,PT,PPPQ,1,1,1
35b08ee0-c07f-4c65-9e6f-3c9e9f6b2b91,4337,FERNANDES Vitor,PT,PPPQ,1,1,1
35b08ee0-c07f-4c65-9e6f-3c9e9f6b2b91,4553,RIO Manuel,PT,PPPQ,1,2,2
35b08ee0-c07f-4c65-9e6f-3c9e9f6b2b91,4589,CC SALMAN Gokhan,TR,Q,4,1,1
35b08ee0-c07f-4c65-9e6f-3c9e9f6b2b91,4589,CC SALMAN Gokhan,TR,Q,4,1,1
35b08ee0-c07f-4c65-9e6f-3c9e9f6b2b91,4729,KIM Sooah,KR,PPPQ,1,2,2
35b08ee0-c07f-4c65-9e6f-3c9e9f6b2b91,4981,PRATES Manuel,PT,PPPQ,1,2,2
35b08ee0-c07f-4c65-9e6f-3c9e9f6b2b91,4982,BARBOSA Jaime,PT,PPPQ,1,2,2
35b08ee0-c07f-4c65-9e6f-3c9e9f6b2b91,4983,KUCUKZOROGLU Bertu,TR,PPPQ,1,2,2
35b08ee0-c07f-4c65-9e6f-3c9e9f6b2b91,4984,WITTENS Kees,NL,PPPQ,1,1,1
35b08ee0-c07f-4c65-9e6f-3c9e9f6b2b91,4984,WITTENS Kees,NL,PPPQ,1,1,1
35b08ee0-c07f-4c65-9e6f-3c9e9f6b2b91,4984,WITTENS Kees,NL,PPQ,2,2,2
35b08ee0-c07f-4c65-9e6f-3c9e9f6b2b91,4985,BUYLE Stany,FR,PPPQ,1,1,1
35b08ee0-c07f-4c65-9e6f-3c9e9f6b2b91,4985,BUYLE Stany,FR,PPPQ,1,1,1
35b08ee0-c07f-4c65-9e6f-3c9e9f6b2b91,4986,MONTEIRO Fernando,PT,PPPQ,1,1,1
35b08ee0-c07f-4c65-9e6f-3c9e9f6b2b91,4986,MONTEIRO Fernando,PT,PPPQ,1,1,1
4878d859-934a-4bfe-8edf-4e0fb57999b4,21,ΧΑΛΚΙΑΔΑΚΗΣ Εμμανουηλ,GR,Pre-Pre-Pre-Qual,1,2,2
4878d859-934a-4bfe-8edf-4e0fb57999b4,104,ΜΑΤΙΑΚΗΣ Αθανασιος,GR,Pre-Pre-Pre-Qual,1,1,1
4878d859-934a-4bfe-8edf-4e0fb57999b4,104,ΜΑΤΙΑΚΗΣ Αθανασιος,GR,Pre-Pre-Pre-Qual,1,1,1
4878d859-934a-4bfe-8edf-4e0fb57999b4,104,ΜΑΤΙΑΚΗΣ Αθανασιος,GR,Pre-Pre-Qual,2,2,2
4878d859-934a-4bfe-8edf-4e0fb57999b4,127,ΠΑΠΑΚΩΝΣΤΑΝΤΙΝΟΥ Κωνσταντινος,GR,Pre-Pre-Pre-Qual,1,2,2
4878d859-934a-4bfe-8edf-4e0fb57999b4,127,ΠΑΠΑΚΩΝΣΤΑΝΤΙΝΟΥ Κωνσταντινος,GR,Pre-Pre-Qual,2,2,2
4878d859-934a-4bfe-8edf-4e0fb57999b4,135,PEKER Muharrem,TR,Pre-Pre-Qual,2,2,2
4878d859-934a-4bfe-8edf-4e0fb57999b4,135,PEKER Muharrem,TR,Pre-Qual,3,2,2
4878d859-934a-4bfe-8edf-4e0fb57999b4,142,ΠΟΛΥΧΡΟΝΟΠΟΥΛΟΣ Νικολαος,GR,Qual,4,2,2
4878d859-934a-4bfe-8edf-4e0fb57999b4,151,ΣΕΛΕΒΕΝΤΑΣ Δημητριος,GR,Pre-Qual,3,1,1
4878d859-934a-4bfe-8edf-4e0fb57999b4,151,ΣΕΛΕΒΕΝΤΑΣ Δημητριος,GR,Pre-Qual,3,1,1
4878d859-934a-4bfe-8edf-4e0fb57999b4,151,ΣΕΛΕΒΕΝΤΑΣ Δημητριος,GR,Qual,4,2,2
4878d859-934a-4bfe-8edf-4e0fb57999b4,151,ΣΕΛΕΒΕΝΤΑΣ Δημητριος,GR,Rank 16,5,1,1
4878d859-934a-4bfe-8edf-4e0fb57999b4,151,ΣΕΛΕΒΕΝΤΑΣ Δημητριος,GR,Rank 16,5,2,2
4878d859-934a-4bfe-8edf-4e0fb57999b4,151,ΣΕΛΕΒΕΝΤΑΣ Δημητριος,GR,Main Tournament - Rank 8,6,1,1
4878d859-934a-4bfe-8edf-4e0fb57999b4,165,ΤΡΕΜΟΥΛΗΣ Αλεξανδρος,GR,Pre-Pre-Pre-Qual,1,1,1
4878d859-934a-4bfe-8edf-4e0fb57999b4,165,ΤΡΕΜΟΥΛΗΣ Αλεξανδρος,GR,Pre-Pre-Pre-Qual,1,1,1
4878d859-934a-4bfe-8edf-4e0fb57999b4,213,CAUDRON Frederic,BE,Qual,4,2,2
4878d859-934a-4bfe-8edf-4e0fb57999b4,214,BURY Jeremy,FR,Qual,4,1,1
4878d859-934a-4bfe-8edf-4e0fb57999b4,214,BURY Jeremy,FR,Qual,4,1,1
4878d859-934a-4bfe-8edf-4e0fb57999b4,214,BURY Jeremy,FR,Rank 16,5,2,2
4878d859-934a-4bfe-8edf-4e0fb57999b4,214,BURY Jeremy,FR,Rank 16,5,1,1
4878d859-934a-4bfe-8edf-4e0fb57999b4,214,BURY Jeremy,FR,Main Tournament - Rank 8,6,1,1
4878d859-934a-4bfe-8edf-4e0fb57999b4,214,BURY Jeremy,FR,Main Tournament - Rank 8,6,1,1
4878d859-934a-4bfe-8edf-4e0fb57999b4,215,ZANETTI Marco,IT,Rank 16,5,3,3
4878d859-934a-4bfe-8edf-4e0fb57999b4,215,ZANETTI Marco,IT,Main Tournament - Rank 8,6,2,2
4878d859-934a-4bfe-8edf-4e0fb57999b4,216,MERCKX Eddy,BE,Rank 16,5,3,3
4878d859-934a-4bfe-8edf-4e0fb57999b4,216,MERCKX Eddy,BE,Main Tournament - Rank 8,6,2,2
4878d859-934a-4bfe-8edf-4e0fb57999b4,216,MERCKX Eddy,BE,Main Tournament - Rank 8,6,2,2
4878d859-934a-4bfe-8edf-4e0fb57999b4,218,JASPERS Dick,NL,Rank 16,5,3,3
4878d859-934a-4bfe-8edf-4e0fb57999b4,218,JASPERS Dick,NL,Main Tournament - Rank 8,6,1,1
4878d859-934a-4bfe-8edf-4e0fb57999b4,218,JASPERS Dick,NL,Main Tournament - Rank 8,6,1,1
4878d859-934a-4bfe-8edf-4e0fb57999b4,229,HEO Jung Han,KR,Rank 16,5,1,1
4878d859-934a-4bfe-8edf-4e0fb57999b4,229,HEO Jung Han,KR,Rank 16,5,2,2
4878d859-934a-4bfe-8edf-4e0fb57999b4,229,HEO Jung Han,KR,Main Tournament - Rank 8,6,1,1
4878d859-934a-4bfe-8edf-4e0fb57999b4,231,TASDEMIR Tayfun,TR,Rank 16,5,3,3
4878d859-934a-4bfe-8edf-4e0fb57999b4,231,TASDEMIR Tayfun,TR,Main Tournament - Rank 8,6,1,1
4878d859-934a-4bfe-8edf-4e0fb57999b4,240,DE Bruijn Jean Paul,NL,Pre-Qual,3,2,2
4878d859-934a-4bfe-8edf-4e0fb57999b4,240,DE Bruijn Jean Paul,NL,Qual,4,2,2
4878d859-934a-4bfe-8edf-4e0fb57999b4,240,DE Bruijn Jean Paul,NL,Rank 16,5,1,1
4878d859-934a-4bfe-8edf-4e0fb57999b4,240,DE Bruijn Jean Paul,NL,Rank 16,5,2,2
4878d859-934a-4bfe-8edf-4e0fb57999b4,243,NADY Riad,EG,Pre-Qual,3,2,2
4878d859-934a-4bfe-8edf-4e0fb57999b4,245,CEULEMANS Peter,BE,Qual,4,2,2
4878d859-934a-4bfe-8edf-4e0fb57999b4,245,CEULEMANS Peter,BE,Rank 16,5,2,2
4878d859-934a-4bfe-8edf-4e0fb57999b4,245,CEULEMANS Peter,BE,Rank 16,5,1,1
4878d859-934a-4bfe-8edf-4e0fb57999b4,246,FORTHOMME Roland,BE,Qual,4,2,2
4878d859-934a-4bfe-8edf-4e0fb57999b4,328,KARAKURT Omer,TR,Qual,4,2,2
4878d859-934a-4bfe-8edf-4e0fb57999b4,328,KARAKURT Omer,TR,Rank 16,5,3,3
4878d859-934a-4bfe-8edf-4e0fb57999b4,329,KARAKURT Berkay,TR,Rank 16,5,2,2
4878d859-934a-4bfe-8edf-4e0fb57999b4,329,KARAKURT Berkay,TR,Rank 16,5,1,1
4878d859-934a-4bfe-8edf-4e0fb57999b4,338,CHO Myung Woo,KR,Rank 16,5,3,3
4878d859-934a-4bfe-8edf-4e0fb57999b4,338,CHO Myung Woo,KR,Main Tournament - Rank 8,6,1,1
4878d859-934a-4bfe-8edf-4e0fb57999b4,342,HORN Martin,DE,Rank 16,5,1,1
4878d859-934a-4bfe-8edf-4e0fb57999b4,342,HORN Martin,DE,Rank 16,5,2,2
4878d859-934a-4bfe-8edf-4e0fb57999b4,343,SIDHOM Sameh,EG,Rank 16,5,3,3
4878d859-934a-4bfe-8edf-4e0fb57999b4,343,SIDHOM Sameh,EG,Main Tournament - Rank 8,6,1,1
4878d859-934a-4bfe-8edf-4e0fb57999b4,343,SIDHOM Sameh,EG,Main Tournament - Rank 8,6,2,2
4878d859-934a-4bfe-8edf-4e0fb57999b4,344,TAKESHIMA O,JP,Pre-Pre-Qual,2,2,2
4878d859-934a-4bfe-8edf-4e0fb57999b4,349,JIMENEZ Sergio,ES,Pre-Qual,3,2,2
4878d859-934a-4bfe-8edf-4e0fb57999b4,352,SALAZAR Alexander,CO,Pre-Pre-Pre-Qual,1,2,2
4878d859-934a-4bfe-8edf-4e0fb57999b4,352,SALAZAR Alexander,CO,Pre-Pre-Qual,2,2,2
4878d859-934a-4bfe-8edf-4e0fb57999b4,352,SALAZAR Alexander,CO,Pre-Qual,3,2,2
4878d859-934a-4bfe-8edf-4e0fb57999b4,369,UYMAZ Birol,TR,Pre-Qual,3,1,1
4878d859-934a-4bfe-8edf-4e0fb57999b4,369,UYMAZ Birol,TR,Pre-Qual,3,1,1
4878d859-934a-4bfe-8edf-4e0fb57999b4,376,MAURER Claus,AT,Pre-Qual,3,2,2
4878d859-934a-4bfe-8edf-4e0fb57999b4,381,JETTEN Karina,NL,Pre-Pre-Qual,2,1,1
4878d859-934a-4bfe-8edf-4e0fb57999b4,381,JETTEN Karina,NL,Pre-Pre-Qual,2,1,1
4878d859-934a-4bfe-8edf-4e0fb57999b4,390,BASEGMEZ Emrullah,TR,Pre-Qual,3,1,1
4878d859-934a-4bfe-8edf-4e0fb57999b4,390,BASEGMEZ Emrullah,TR,Pre-Qual,3,1,1
4878d859-934a-4bfe-8edf-4e0fb57999b4,390,BASEGMEZ Emrullah,TR,Qual,4,1,1
4878d859-934a-4bfe-8edf-4e0fb57999b4,390,BASEGMEZ Emrullah,TR,Qual,4,1,1
4878d859-934a-4bfe-8edf-4e0fb57999b4,394,KIYOTA Atsushi,JP,Pre-Qual,3,2,2
4878d859-934a-4bfe-8edf-4e0fb57999b4,410,SALMAN Gokhan,TR,Rank 16,5,3,3
4878d859-934a-4bfe-8edf-4e0fb57999b4,412,GOREN Mehmet,TR,Pre-Qual,3,2,2
4878d859-934a-4bfe-8edf-4e0fb57999b4,416,MAS José-Maria,ES,Pre-Pre-Pre-Qual,1,2,2
4878d859-934a-4bfe-8edf-4e0fb57999b4,422,SOUMAGNE Pierre,FR,Qual,4,1,1
4878d859-934a-4bfe-8edf-4e0fb57999b4,422,SOUMAGNE Pierre,FR,Qual,4,1,1
4878d859-934a-4bfe-8edf-4e0fb57999b4,434,COSTA Rui Manuel,PT,Qual,4,2,2
4878d859-934a-4bfe-8edf-4e0fb57999b4,435,ALP Ahmet,TR,Pre-Qual,3,1,1
4878d859-934a-4bfe-8edf-4e0fb57999b4,435,ALP Ahmet,TR,Pre-Qual,3,1,1
4878d859-934a-4bfe-8edf-4e0fb57999b4,435,ALP Ahmet,TR,Qual,4,2,2
4878d859-934a-4bfe-8edf-4e0fb57999b4,435,ALP Ahmet,TR,Rank 16,5,3,3
4878d859-934a-4bfe-8edf-4e0fb57999b4,438,LEGAZPI Ruben,ES,Qual,4,2,2
4878d859-934a-4bfe-8edf-4e0fb57999b4,438,LEGAZPI Ruben,ES,Rank 16,5,3,3
4878d859-934a-4bfe-8edf-4e0fb57999b4,443,TRAN Quyet Chien,VN,Rank 16,5,3,3
4878d859-934a-4bfe-8edf-4e0fb57999b4,443,TRAN Quyet Chien,VN,Main Tournament - Rank 8,6,2,2
4878d859-934a-4bfe-8edf-4e0fb57999b4,443,TRAN Quyet Chien,VN,Main Tournament - Rank 8,6,2,2
4878d859-934a-4bfe-8edf-4e0fb57999b4,510,SPRUZINA Frank,DE,Pre-Pre-Qual,2,1,1
4878d859-934a-4bfe-8edf-4e0fb57999b4,510,SPRUZINA Frank,DE,Pre-Pre-Qual,2,1,1
4878d859-934a-4bfe-8edf-4e0fb57999b4,536,AKSOY Mehmet,TR,Pre-Pre-Pre-Qual,1,1,1
4878d859-934a-4bfe-8edf-4e0fb57999b4,536,AKSOY Mehmet,TR,Pre-Pre-Pre-Qual,1,1,1
4878d859-934a-4bfe-8edf-4e0fb57999b4,536,AKSOY Mehmet,TR,Pre-Pre-Qual,2,2,2
4878d859-934a-4bfe-8edf-4e0fb57999b4,536,AKSOY Mehmet,TR,Pre-Qual,3,2,2
4878d859-934a-4bfe-8edf-4e0fb57999b4,536,AKSOY Mehmet,TR,Qual,4,2,2
4878d859-934a-4bfe-8edf-4e0fb57999b4,538,KIRAZ Tolgahan,TR,Rank 16,5,2,2
4878d859-934a-4bfe-8edf-4e0fb57999b4,538,KIRAZ Tolgahan,TR,Rank 16,5,1,1
4878d859-934a-4bfe-8edf-4e0fb57999b4,538,KIRAZ Tolgahan,TR,Main Tournament - Rank 8,6,1,1
4878d859-934a-4bfe-8edf-4e0fb57999b4,547,DE Kruijf Jordy,NL,Pre-Qual,3,1,1
4878d859-934a-4bfe-8edf-4e0fb57999b4,547,DE Kruijf Jordy,NL,Pre-Qual,3,1,1
4878d859-934a-4bfe-8edf-4e0fb57999b4,578,KIM Haeng Jik,KR,Qual,4,2,2
4878d859-934a-4bfe-8edf-4e0fb57999b4,578,KIM Haeng Jik,KR,Rank 16,5,2,2
4878d859-934a-4bfe-8edf-4e0fb57999b4,578,KIM Haeng Jik,KR,Rank 16,5,1,1
4878d859-934a-4bfe-8edf-4e0fb57999b4,578,KIM Haeng Jik,KR,Main Tournament - Rank 8,6,2,2
4878d859-934a-4bfe-8edf-4e0fb57999b4,592,AGUILAR Mauricio,CO,Pre-Pre-Pre-Qual,1,2,2
4878d859-934a-4bfe-8edf-4e0fb57999b4,1507,TRAN Thanh Luc,VN,Rank 16,5,3,3
4878d859-934a-4bfe-8edf-4e0fb57999b4,1507,TRAN Thanh Luc,VN,Main Tournament - Rank 8,6,1,1
4878d859-934a-4bfe-8edf-4e0fb57999b4,1508,THAI Hong Chiem,VN,Rank 16,5,2,2
4878d859-934a-4bfe-8edf-4e0fb57999b4,1508,THAI Hong Chiem,VN,Rank 16,5,1,1
4878d859-934a-4bfe-8edf-4e0fb57999b4,1509,LOWE Tom,DE,Pre-Pre-Qual,2,2,2
4878d859-934a-4bfe-8edf-4e0fb57999b4,1509,LOWE Tom,DE,Pre-Qual,3,2,2
4878d859-934a-4bfe-8edf-4e0fb57999b4,1510,DEVOGELAERE Mikael,FR,Pre-Qual,3,1,1
4878d859-934a-4bfe-8edf-4e0fb57999b4,1510,DEVOGELAERE Mikael,FR,Pre-Qual,3,1,1
4878d859-934a-4bfe-8edf-4e0fb57999b4,1510,DEVOGELAERE Mikael,FR,Qual,4,2,2
4878d859-934a-4bfe-8edf-4e0fb57999b4,1511,OZCAN Yilmaz,TR,Rank 16,5,3,3
4878d859-934a-4bfe-8edf-4e0fb57999b4,1521,NGUYEN Tran Thanh Tu,VN,Qual,4,1,1
4878d859-934a-4bfe-8edf-4e0fb57999b4,1521,NGUYEN Tran Thanh Tu,VN,Qual,4,1,1
4878d859-934a-4bfe-8edf-4e0fb57999b4,1522,BAO Phuong Vinh,VN,Rank 16,5,2,2
4878d859-934a-4bfe-8edf-4e0fb57999b4,1522,BAO Phuong Vinh,VN,Rank 16,5,1,1
4878d859-934a-4bfe-8edf-4e0fb57999b4,1522,BAO Phuong Vinh,VN,Main Tournament - Rank 8,6,1,1
4878d859-934a-4bfe-8edf-4e0fb57999b4,1524,AWWAD Naser,JO,Pre-Pre-Qual,2,2,2
4878d859-934a-4bfe-8edf-4e0fb57999b4,1532,KAHOFER Arnim,AT,Pre-Qual,3,2,2
4878d859-934a-4bfe-8edf-4e0fb57999b4,1532,KAHOFER Arnim,AT,Qual,4,2,2
4878d859-934a-4bfe-8edf-4e0fb57999b4,1533,SOARES Jose Miguel,PT,Pre-Qual,3,2,2
4878d859-934a-4bfe-8edf-4e0fb57999b4,1535,VERA Javier,MX,Rank 16,5,3,3
4878d859-934a-4bfe-8edf-4e0fb57999b4,1537,CHA Myeong Jong,KR,Qual,4,2,2
4878d859-934a-4bfe-8edf-4e0fb57999b4,1537,CHA Myeong Jong,KR,Rank 16,5,2,2
4878d859-934a-4bfe-8edf-4e0fb57999b4,1537,CHA Myeong Jong,KR,Rank 16,5,1,1
4878d859-934a-4bfe-8edf-4e0fb57999b4,1537,CHA Myeong Jong,KR,Main Tournament - Rank 8,6,1,1
4878d859-934a-4bfe-8edf-4e0fb57999b4,1538,SEO Chang Hoon,KR,Qual,4,2,2
4878d859-934a-4bfe-8edf-4e0fb57999b4,1539,HWANG Bong Joo,KR,Qual,4,1,1
4878d859-934a-4bfe-8edf-4e0fb57999b4,1539,HWANG Bong Joo,KR,Qual,4,1,1
4878d859-934a-4bfe-8edf-4e0fb57999b4,1540,JORISSEN Jeffrey,NL,Qual,4,1,1
4878d859-934a-4bfe-8edf-4e0fb57999b4,1540,JORISSEN Jeffrey,NL,Qual,4,1,1
4878d859-934a-4bfe-8edf-4e0fb57999b4,1541,ORAK Turgay,TR,Qual,4,1,1
4878d859-934a-4bfe-8edf-4e0fb57999b4,1541,ORAK Turgay,TR,Qual,4,1,1
4878d859-934a-4bfe-8edf-4e0fb57999b4,1541,ORAK Turgay,TR,Rank 16,5,3,3
4878d859-934a-4bfe-8edf-4e0fb57999b4,1542,KOSTISTANSKY Gerhard,AT,Qual,4,1,1
4878d859-934a-4bfe-8edf-4e0fb57999b4,1542,KOSTISTANSKY Gerhard,AT,Qual,4,1,1
4878d859-934a-4bfe-8edf-4e0fb57999b4,1543,VAN Etten Sam,NL,Qual,4,1,1
4878d859-934a-4bfe-8edf-4e0fb57999b4,1543,VAN Etten Sam,NL,Qual,4,1,1
4878d859-934a-4bfe-8edf-4e0fb57999b4,1544,KANG Ja In,KR,Qual,4,1,1
4878d859-934a-4bfe-8edf-4e0fb57999b4,1544,KANG Ja In,KR,Qual,4,1,1
4878d859-934a-4bfe-8edf-4e0fb57999b4,1544,KANG Ja In,KR,Rank 16,5,1,1
4878d859-934a-4bfe-8edf-4e0fb57999b4,1544,KANG Ja In,KR,Rank 16,5,2,2
4878d859-934a-4bfe-8edf-4e0fb57999b4,1545,VASSEUR Kevin,FR,Pre-Qual,3,2,2
4878d859-934a-4bfe-8edf-4e0fb57999b4,1545,VASSEUR Kevin,FR,Qual,4,2,2
4878d859-934a-4bfe-8edf-4e0fb57999b4,1546,YAVUZ Tarik,TR,Pre-Qual,3,1,1
4878d859-934a-4bfe-8edf-4e0fb57999b4,1546,YAVUZ Tarik,TR,Pre-Qual,3,1,1
4878d859-934a-4bfe-8edf-4e0fb57999b4,1546,YAVUZ Tarik,TR,Qual,4,2,2
4878d859-934a-4bfe-8edf-4e0fb57999b4,1546,YAVUZ Tarik,TR,Rank 16,5,2,2
4878d859-934a-4bfe-8edf-4e0fb57999b4,1546,YAVUZ Tarik,TR,Rank 16,5,1,1
4878d859-934a-4bfe-8edf-4e0fb57999b4,1547,DE Kok Joey,NL,Pre-Qual,3,2,2
4878d859-934a-4bfe-8edf-4e0fb57999b4,1548,WILKOWSKI Huub,NL,Pre-Qual,3,2,2
4878d859-934a-4bfe-8edf-4e0fb57999b4,1549,STAMM Lukas,DE,Pre-Qual,3,2,2
4878d859-934a-4bfe-8edf-4e0fb57999b4,1550,SAEIJS Alain,BE,Pre-Qual,3,2,2
4878d859-934a-4bfe-8edf-4e0fb57999b4,1551,RAHMET Muammer,TR,Pre-Qual,3,1,1
4878d859-934a-4bfe-8edf-4e0fb57999b4,1551,RAHMET Muammer,TR,Pre-Qual,3,1,1
4878d859-934a-4bfe-8edf-4e0fb57999b4,1551,RAHMET Muammer,TR,Qual,4,2,2
4878d859-934a-4bfe-8edf-4e0fb57999b4,1551,RAHMET Muammer,TR,Rank 16,5,3,3
4878d859-934a-4bfe-8edf-4e0fb57999b4,1552,BAS Serdal,TR,Pre-Qual,3,2,2
4878d859-934a-4bfe-8edf-4e0fb57999b4,1553,KORKMAZ Fatih,TR,Pre-Qual,3,1,1
4878d859-934a-4bfe-8edf-4e0fb57999b4,1553,KORKMAZ Fatih,TR,Pre-Qual,3,1,1
4878d859-934a-4bfe-8edf-4e0fb57999b4,1554,CETIN Volkan,NL,Pre-Qual,3,1,1
4878d859-934a-4bfe-8edf-4e0fb57999b4,1554,CETIN Volkan,NL,Pre-Qual,3,1,1
4878d859-934a-4bfe-8edf-4e0fb57999b4,1554,CETIN Volkan,NL,Qual,4,1,1
4878d859-934a-4bfe-8edf-4e0fb57999b4,1554,CETIN Volkan,NL,Qual,4,1,1
4878d859-934a-4bfe-8edf-4e0fb57999b4,1555,DAO Van Ly,VN,Pre-Qual,3,1,1
4878d859-934a-4bfe-8edf-4e0fb57999b4,1555,DAO Van Ly,VN,Pre-Qual,3,1,1
4878d859-934a-4bfe-8edf-4e0fb57999b4,1557,ABU Tayeh Mashhour,JO,Pre-Qual,3,2,2
4878d859-934a-4bfe-8edf-4e0fb57999b4,1558,BROUWERS Reggy,NL,Pre-Qual,3,2,2
4878d859-934a-4bfe-8edf-4e0fb57999b4,1559,PANAIA Maxime,FR,Pre-Qual,3,1,1
4878d859-934a-4bfe-8edf-4e0fb57999b4,1559,PANAIA Maxime,FR,Pre-Qual,3,1,1
4878d859-934a-4bfe-8edf-4e0fb57999b4,1559,PANAIA Maxime,FR,Qual,4,2,2
4878d859-934a-4bfe-8edf-4e0fb57999b4,1560,NOVAK Radek,CZ,Pre-Qual,3,1,1
4878d859-934a-4bfe-8edf-4e0fb57999b4,1560,NOVAK Radek,CZ,Pre-Qual,3,1,1
4878d859-934a-4bfe-8edf-4e0fb57999b4,1561,GULBAY Ali,TR,Pre-Qual,3,1,1
4878d859-934a-4bfe-8edf-4e0fb57999b4,1561,GULBAY Ali,TR,Pre-Qual,3,1,1
4878d859-934a-4bfe-8edf-4e0fb57999b4,1562,MOULOS Vangelis,GR,Pre-Qual,3,1,1
4878d859-934a-4bfe-8edf-4e0fb57999b4,1562,MOULOS Vangelis,GR,Pre-Qual,3,1,1
4878d859-934a-4bfe-8edf-4e0fb57999b4,1563,LINDEMANN Ronny,DE,Pre-Qual,3,1,1
4878d859-934a-4bfe-8edf-4e0fb57999b4,1563,LINDEMANN Ronny,DE,Pre-Qual,3,1,1
4878d859-934a-4bfe-8edf-4e0fb57999b4,1563,LINDEMANN Ronny,DE,Qual,4,1,1
4878d859-934a-4bfe-8edf-4e0fb57999b4,1563,LINDEMANN Ronny,DE,Qual,4,1,1
4878d859-934a-4bfe-8edf-4e0fb57999b4,1565,KABAK Gurhan,DE,Pre-Pre-Qual,2,2,2
4878d859-934a-4bfe-8edf-4e0fb57999b4,1566,PENNOR David,SE,Pre-Pre-Qual,2,2,2
4878d859-934a-4bfe-8edf-4e0fb57999b4,1566,PENNOR David,SE,Pre-Qual,3,2,2
4878d859-934a-4bfe-8edf-4e0fb57999b4,1567,ESEN Ismet,TR,Pre-Pre-Qual,2,2,2
4878d859-934a-4bfe-8edf-4e0fb57999b4,1568,THON Viet Hoang Minh,VN,Pre-Pre-Qual,2,2,2
4878d859-934a-4bfe-8edf-4e0fb57999b4,1570,BOUERDICK Tobias,DE,Pre-Pre-Qual,2,2,2
4878d859-934a-4bfe-8edf-4e0fb57999b4,1571,NGUYEN Hoan Tat,VN,Pre-Pre-Qual,2,2,2
4878d859-934a-4bfe-8edf-4e0fb57999b4,1571,NGUYEN Hoan Tat,VN,Pre-Qual,3,2,2
4878d859-934a-4bfe-8edf-4e0fb57999b4,1572,SABANCI Baris,TR,Pre-Pre-Qual,2,1,1
4878d859-934a-4bfe-8edf-4e0fb57999b4,1572,SABANCI Baris,TR,Pre-Pre-Qual,2,1,1
4878d859-934a-4bfe-8edf-4e0fb57999b4,1573,IBRAIMOV Ali,DE,Pre-Pre-Qual,2,2,2
4878d859-934a-4bfe-8edf-4e0fb57999b4,1574,ULUDAGLILAR Gokhan,TR,Pre-Pre-Qual,2,2,2
4878d859-934a-4bfe-8edf-4e0fb57999b4,1576,CAMBERLIN Fabien,FR,Pre-Pre-Qual,2,2,2
4878d859-934a-4bfe-8edf-4e0fb57999b4,1577,AKKOCA Denizcan,TR,Pre-Pre-Qual,2,1,1
4878d859-934a-4bfe-8edf-4e0fb57999b4,1577,AKKOCA Denizcan,TR,Pre-Pre-Qual,2,1,1
4878d859-934a-4bfe-8edf-4e0fb57999b4,1577,AKKOCA Denizcan,TR,Pre-Qual,3,2,2
4878d859-934a-4bfe-8edf-4e0fb57999b4,1577,AKKOCA Denizcan,TR,Qual,4,2,2
4878d859-934a-4bfe-8edf-4e0fb57999b4,1578,LONG Nguyen Chi,VN,Pre-Pre-Qual,2,1,1
4878d859-934a-4bfe-8edf-4e0fb57999b4,1578,LONG Nguyen Chi,VN,Pre-Pre-Qual,2,1,1
4878d859-934a-4bfe-8edf-4e0fb57999b4,1578,LONG Nguyen Chi,VN,Pre-Qual,3,2,2
4878d859-934a-4bfe-8edf-4e0fb57999b4,1579,MORTENSEN Lukas,DK,Pre-Pre-Qual,2,1,1
4878d859-934a-4bfe-8edf-4e0fb57999b4,1579,MORTENSEN Lukas,DK,Pre-Pre-Qual,2,1,1
4878d859-934a-4bfe-8edf-4e0fb57999b4,1580,LATORRE Christian,CO,Pre-Pre-Qual,2,2,2
4878d859-934a-4bfe-8edf-4e0fb57999b4,1581,MORENO Daniel,CO,Pre-Pre-Qual,2,1,1
4878d859-934a-4bfe-8edf-4e0fb57999b4,1581,MORENO Daniel,CO,Pre-Pre-Qual,2,1,1
4878d859-934a-4bfe-8edf-4e0fb57999b4,1583,DEGENER Gulsen,TR,Pre-Pre-Qual,2,1,1
4878d859-934a-4bfe-8edf-4e0fb57999b4,1583,DEGENER Gulsen,TR,Pre-Pre-Qual,2,1,1
4878d859-934a-4bfe-8edf-4e0fb57999b4,1585,SZIVACZ Herbert,AT,Pre-Pre-Qual,2,1,1
4878d859-934a-4bfe-8edf-4e0fb57999b4,1585,SZIVACZ Herbert,AT,Pre-Pre-Qual,2,1,1
4878d859-934a-4bfe-8edf-4e0fb57999b4,1586,KIM Dohyun,KR,Pre-Pre-Qual,2,1,1
4878d859-934a-4bfe-8edf-4e0fb57999b4,1586,KIM Dohyun,KR,Pre-Pre-Qual,2,1,1
4878d859-934a-4bfe-8edf-4e0fb57999b4,1586,KIM Dohyun,KR,Pre-Qual,3,2,2
4878d859-934a-4bfe-8edf-4e0fb57999b4,1587,PINARD Patrice,FR,Pre-Pre-Qual,2,1,1
4878d859-934a-4bfe-8edf-4e0fb57999b4,1587,PINARD Patrice,FR,Pre-Pre-Qual,2,1,1
4878d859-934a-4bfe-8edf-4e0fb57999b4,1588,ΜΑΥΡΙΔΟΓΛΟΥ Λίτσα,GR,Pre-Pre-Qual,2,1,1
4878d859-934a-4bfe-8edf-4e0fb57999b4,1588,ΜΑΥΡΙΔΟΓΛΟΥ Λίτσα,GR,Pre-Pre-Qual,2,1,1
4878d859-934a-4bfe-8edf-4e0fb57999b4,1589,MORALES Marcos,ES,Pre-Pre-Qual,2,2,2
4878d859-934a-4bfe-8edf-4e0fb57999b4,1590,JACQUEMOND Olivier,FR,Pre-Pre-Pre-Qual,1,2,2
4878d859-934a-4bfe-8edf-4e0fb57999b4,1592,LALANNE Patrice,FR,Pre-Pre-Pre-Qual,1,2,2
4878d859-934a-4bfe-8edf-4e0fb57999b4,1593,DIAB Medhat,EG,Pre-Pre-Pre-Qual,1,2,2
4878d859-934a-4bfe-8edf-4e0fb57999b4,1594,ABOUSALEH Fadi,LB,Pre-Pre-Pre-Qual,1,2,2
4878d859-934a-4bfe-8edf-4e0fb57999b4,1595,CIN Aygun,DE,Pre-Pre-Pre-Qual,1,1,1
4878d859-934a-4bfe-8edf-4e0fb57999b4,1595,CIN Aygun,DE,Pre-Pre-Pre-Qual,1,1,1
4878d859-934a-4bfe-8edf-4e0fb57999b4,1596,KAPUSIZ Ufuk,TR,Pre-Pre-Pre-Qual,1,1,1
4878d859-934a-4bfe-8edf-4e0fb57999b4,1596,KAPUSIZ Ufuk,TR,Pre-Pre-Pre-Qual,1,1,1
4878d859-934a-4bfe-8edf-4e0fb57999b4,1599,CELIK Hakan,DE,Pre-Pre-Pre-Qual,1,2,2
4878d859-934a-4bfe-8edf-4e0fb57999b4,1600,GENC Burhan,TR,Pre-Pre-Pre-Qual,1,1,1
4878d859-934a-4bfe-8edf-4e0fb57999b4,1600,GENC Burhan,TR,Pre-Pre-Pre-Qual,1,1,1
4878d859-934a-4bfe-8edf-4e0fb57999b4,1601,DALAKAS Dimitrios,GR,Pre-Pre-Pre-Qual,1,2,2
4878d859-934a-4bfe-8edf-4e0fb57999b4,1602,HILAIRE Jimmy,FR,Pre-Pre-Pre-Qual,1,2,2
4878d859-934a-4bfe-8edf-4e0fb57999b4,1603,LUAN Nguyen Dinh,VN,Pre-Pre-Pre-Qual,1,2,2
4878d859-934a-4bfe-8edf-4e0fb57999b4,1604,FADL Mostafa,EG,Pre-Pre-Pre-Qual,1,2,2
4878d859-934a-4bfe-8edf-4e0fb57999b4,1604,FADL Mostafa,EG,Pre-Pre-Qual,2,2,2
4878d859-934a-4bfe-8edf-4e0fb57999b4,1605,AKBICAK Murat,ES,Pre-Pre-Pre-Qual,1,1,1
4878d859-934a-4bfe-8edf-4e0fb57999b4,1605,AKBICAK Murat,ES,Pre-Pre-Pre-Qual,1,1,1
4878d859-934a-4bfe-8edf-4e0fb57999b4,1608,GOMARIZ Javier,ES,Pre-Pre-Pre-Qual,1,1,1
4878d859-934a-4bfe-8edf-4e0fb57999b4,1608,GOMARIZ Javier,ES,Pre-Pre-Pre-Qual,1,1,1
4878d859-934a-4bfe-8edf-4e0fb57999b4,1608,GOMARIZ Javier,ES,Pre-Pre-Qual,2,2,2
4878d859-934a-4bfe-8edf-4e0fb57999b4,1608,GOMARIZ Javier,ES,Pre-Qual,3,2,2
4878d859-934a-4bfe-8edf-4e0fb57999b4,1609,KRISTIANSEN Daniel,DK,Pre-Pre-Pre-Qual,1,1,1
4878d859-934a-4bfe-8edf-4e0fb57999b4,1609,KRISTIANSEN Daniel,DK,Pre-Pre-Pre-Qual,1,1,1
4878d859-934a-4bfe-8edf-4e0fb57999b4,1609,KRISTIANSEN Daniel,DK,Pre-Pre-Qual,2,2,2
4878d859-934a-4bfe-8edf-4e0fb57999b4,1611,MIGUEL Angel Ruiz,CO,Pre-Pre-Pre-Qual,1,1,1
4878d859-934a-4bfe-8edf-4e0fb57999b4,1611,MIGUEL Angel Ruiz,CO,Pre-Pre-Pre-Qual,1,1,1
4878d859-934a-4bfe-8edf-4e0fb57999b4,1612,ΤΣΟΚΑΝΤΑΣ Γεώργιος,GR,Pre-Pre-Pre-Qual,1,1,1
4878d859-934a-4bfe-8edf-4e0fb57999b4,1612,ΤΣΟΚΑΝΤΑΣ Γεώργιος,GR,Pre-Pre-Pre-Qual,1,1,1
4878d859-934a-4bfe-8edf-4e0fb57999b4,1612,ΤΣΟΚΑΝΤΑΣ Γεώργιος,GR,Pre-Pre-Qual,2,2,2
4878d859-934a-4bfe-8edf-4e0fb57999b4,1612,ΤΣΟΚΑΝΤΑΣ Γεώργιος,GR,Pre-Qual,3,2,2
4878d859-934a-4bfe-8edf-4e0fb57999b4,1613,DERRADJI Samir,FR,Pre-Pre-Pre-Qual,1,1,1
4878d859-934a-4bfe-8edf-4e0fb57999b4,1613,DERRADJI Samir,FR,Pre-Pre-Pre-Qual,1,1,1
4878d859-934a-4bfe-8edf-4e0fb57999b4,1614,DURIEZ Nathan,FR,Pre-Pre-Pre-Qual,1,2,2
4878d859-934a-4bfe-8edf-4e0fb57999b4,1614,DURIEZ Nathan,FR,Pre-Pre-Qual,2,1,1
4878d859-934a-4bfe-8edf-4e0fb57999b4,1614,DURIEZ Nathan,FR,Pre-Pre-Qual,2,1,1
4878d859-934a-4bfe-8edf-4e0fb57999b4,1615,YIGIT Selahattin,DE,Pre-Pre-Pre-Qual,1,2,2
4878d859-934a-4bfe-8edf-4e0fb57999b4,1616,AKTI Erkan,TR,Pre-Pre-Pre-Qual,1,1,1
4878d859-934a-4bfe-8edf-4e0fb57999b4,1616,AKTI Erkan,TR,Pre-Pre-Pre-Qual,1,1,1
4878d859-934a-4bfe-8edf-4e0fb57999b4,1617,ERDOGAN Ecevit Eray,TR,Pre-Pre-Pre-Qual,1,1,1
4878d859-934a-4bfe-8edf-4e0fb57999b4,1617,ERDOGAN Ecevit Eray,TR,Pre-Pre-Pre-Qual,1,1,1
4878d859-934a-4bfe-8edf-4e0fb57999b4,1617,ERDOGAN Ecevit Eray,TR,Pre-Pre-Qual,2,2,2
4878d859-934a-4bfe-8edf-4e0fb57999b4,1617,ERDOGAN Ecevit Eray,TR,Pre-Qual,3,2,2
4878d859-934a-4bfe-8edf-4e0fb57999b4,1618,NAPOLONI Theo,AL,Pre-Pre-Pre-Qual,1,1,1
4878d859-934a-4bfe-8edf-4e0fb57999b4,1618,NAPOLONI Theo,AL,Pre-Pre-Pre-Qual,1,1,1
4878d859-934a-4bfe-8edf-4e0fb57999b4,1619,CRESPO Carlos,ES,Pre-Pre-Pre-Qual,1,1,1
4878d859-934a-4bfe-8edf-4e0fb57999b4,1619,CRESPO Carlos,ES,Pre-Pre-Pre-Qual,1,1,1
4878d859-934a-4bfe-8edf-4e0fb57999b4,1620,CELIK Murat,TR,Pre-Pre-Pre-Qual,1,2,2
4878d859-934a-4bfe-8edf-4e0fb57999b4,1620,CELIK Murat,TR,Pre-Pre-Qual,2,2,2
4878d859-934a-4bfe-8edf-4e0fb57999b4,1620,CELIK Murat,TR,Pre-Qual,3,2,2
4878d859-934a-4bfe-8edf-4e0fb57999b4,1621,YALCIN Necdet,TR,Pre-Pre-Pre-Qual,1,2,2
4878d859-934a-4bfe-8edf-4e0fb57999b4,1621,YALCIN Necdet,TR,Pre-Pre-Qual,2,2,2
4878d859-934a-4bfe-8edf-4e0fb57999b4,1621,YALCIN Necdet,TR,Pre-Qual,3,2,2
4878d859-934a-4bfe-8edf-4e0fb57999b4,1621,YALCIN Necdet,TR,Qual,4,2,2
4878d859-934a-4bfe-8edf-4e0fb57999b4,1622,YILMAZ Savas,TR,Pre-Pre-Pre-Qual,1,2,2
4878d859-934a-4bfe-8edf-4e0fb57999b4,1623,KARAKASLI Mujde,TR,Pre-Pre-Pre-Qual,1,2,2
4878d859-934a-4bfe-8edf-4e0fb57999b4,1625,INCEKARA Hakan,TR,Pre-Pre-Pre-Qual,1,2,2
4878d859-934a-4bfe-8edf-4e0fb57999b4,1625,INCEKARA Hakan,TR,Pre-Pre-Qual,2,2,2
4878d859-934a-4bfe-8edf-4e0fb57999b4,1626,YILMAZ Vedat,TR,Pre-Pre-Pre-Qual,1,2,2
4878d859-934a-4bfe-8edf-4e0fb57999b4,1626,YILMAZ Vedat,TR,Pre-Pre-Qual,2,2,2
4878d859-934a-4bfe-8edf-4e0fb57999b4,1626,YILMAZ Vedat,TR,Pre-Qual,3,2,2
4878d859-934a-4bfe-8edf-4e0fb57999b4,1626,YILMAZ Vedat,TR,Qual,4,2,2
4878d859-934a-4bfe-8edf-4e0fb57999b4,1626,YILMAZ Vedat,TR,Rank 16,5,2,2
4878d859-934a-4bfe-8edf-4e0fb57999b4,1626,YILMAZ Vedat,TR,Rank 16,5,1,1
4878d859-934a-4bfe-8edf-4e0fb57999b4,1627,BULUT Recep,TR,Pre-Pre-Pre-Qual,1,2,2
4878d859-934a-4bfe-8edf-4e0fb57999b4,1627,BULUT Recep,TR,Pre-Pre-Qual,2,2,2
4878d859-934a-4bfe-8edf-4e0fb57999b4,1627,BULUT Recep,TR,Pre-Qual,3,2,2
4878d859-934a-4bfe-8edf-4e0fb57999b4,1628,DOMINIQUE Janvier,FR,Pre-Pre-Pre-Qual,1,2,2
4878d859-934a-4bfe-8edf-4e0fb57999b4,1629,KARAM Peter,EG,Pre-Pre-Pre-Qual,1,2,2
4878d859-934a-4bfe-8edf-4e0fb57999b4,1630,SCHULZ Stephan,DE,Pre-Pre-Pre-Qual,1,2,2
4878d859-934a-4bfe-8edf-4e0fb57999b4,1631,BIALLAS Stefan,DE,Pre-Pre-Pre-Qual,1,2,2
4878d859-934a-4bfe-8edf-4e0fb57999b4,1633,KASAPOGLU Mehmet,TR,Pre-Pre-Pre-Qual,1,2,2
4878d859-934a-4bfe-8edf-4e0fb57999b4,2015,D'AGATA Alessio,IT,Pre-Pre-Qual,2,2,2
4878d859-934a-4bfe-8edf-4e0fb57999b4,2250,ANDALUZ Anton Valentin,ES,Pre-Pre-Pre-Qual,1,2,2
4878d859-934a-4bfe-8edf-4e0fb57999b4,2426,ΤΣΟΚΑΝΤΑΣ Διονυσης,GR,Pre-Pre-Pre-Qual,1,2,2
4878d859-934a-4bfe-8edf-4e0fb57999b4,2426,ΤΣΟΚΑΝΤΑΣ Διονυσης,GR,Pre-Pre-Qual,2,2,2
4878d859-934a-4bfe-8edf-4e0fb57999b4,2723,TACHOIRE Adrien,FR,Pre-Pre-Qual,2,1,1
4878d859-934a-4bfe-8edf-4e0fb57999b4,2723,TACHOIRE Adrien,FR,Pre-Pre-Qual,2,1,1
4878d859-934a-4bfe-8edf-4e0fb57999b4,3070,IBRAIMOV Amir,DE,Pre-Pre-Qual,2,1,1
4878d859-934a-4bfe-8edf-4e0fb57999b4,3070,IBRAIMOV Amir,DE,Pre-Pre-Qual,2,1,1
4878d859-934a-4bfe-8edf-4e0fb57999b4,3168,GLENN Hofman,NL,Qual,4,2,2
4878d859-934a-4bfe-8edf-4e0fb57999b4,3168,GLENN Hofman,NL,Rank 16,5,2,2
4878d859-934a-4bfe-8edf-4e0fb57999b4,3168,GLENN Hofman,NL,Rank 16,5,1,1
4878d859-934a-4bfe-8edf-4e0fb57999b4,3168,GLENN Hofman,NL,Main Tournament - Rank 8,6,3,3
4878d859-934a-4bfe-8edf-4e0fb57999b4,3546,BAYRAMOGLU Temel Kaptan,TR,Pre-Pre-Pre-Qual,1,2,2
4878d859-934a-4bfe-8edf-4e0fb57999b4,3546,BAYRAMOGLU Temel Kaptan,TR,Pre-Pre-Qual,2,2,2
4878d859-934a-4bfe-8edf-4e0fb57999b4,3547,GAYRET Emin,TR,Pre-Pre-Pre-Qual,1,2,2
4878d859-934a-4bfe-8edf-4e0fb57999b4,3595,MINAOGLU Manol,TR,Pre-Pre-Qual,2,1,1
4878d859-934a-4bfe-8edf-4e0fb57999b4,3595,MINAOGLU Manol,TR,Pre-Pre-Qual,2,1,1
d6676863-ced3-49e0-adb1-5bd9850c2e15,79,ΚΟΚΚΟΡΗΣ Κωνσταντινος,GR,Pre-Pre-Qual,2,1,1
d6676863-ced3-49e0-adb1-5bd9850c2e15,79,ΚΟΚΚΟΡΗΣ Κωνσταντινος,GR,Pre-Pre-Qual,2,1,1
d6676863-ced3-49e0-adb1-5bd9850c2e15,135,PEKER Muharrem,TR,Pre-Pre-Qual,2,2,2
d6676863-ced3-49e0-adb1-5bd9850c2e15,142,ΠΟΛΥΧΡΟΝΟΠΟΥΛΟΣ Νικολαος,GR,Qual,4,2,2
d6676863-ced3-49e0-adb1-5bd9850c2e15,142,ΠΟΛΥΧΡΟΝΟΠΟΥΛΟΣ Νικολαος,GR,Rank 16,5,3,3
d6676863-ced3-49e0-adb1-5bd9850c2e15,142,ΠΟΛΥΧΡΟΝΟΠΟΥΛΟΣ Νικολαος,GR,Main Tournament - Rank 8,6,1,1
d6676863-ced3-49e0-adb1-5bd9850c2e15,151,ΣΕΛΕΒΕΝΤΑΣ Δημητριος,GR,Pre-Qual,3,1,1
d6676863-ced3-49e0-adb1-5bd9850c2e15,151,ΣΕΛΕΒΕΝΤΑΣ Δημητριος,GR,Pre-Qual,3,1,1
d6676863-ced3-49e0-adb1-5bd9850c2e15,151,ΣΕΛΕΒΕΝΤΑΣ Δημητριος,GR,Qual,4,2,2
d6676863-ced3-49e0-adb1-5bd9850c2e15,213,CAUDRON Frederic,BE,Qual,4,2,2
d6676863-ced3-49e0-adb1-5bd9850c2e15,213,CAUDRON Frederic,BE,Rank 16,5,1,1
d6676863-ced3-49e0-adb1-5bd9850c2e15,213,CAUDRON Frederic,BE,Rank 16,5,2,2
d6676863-ced3-49e0-adb1-5bd9850c2e15,213,CAUDRON Frederic,BE,Main Tournament - Rank 8,6,2,2
d6676863-ced3-49e0-adb1-5bd9850c2e15,214,BURY Jeremy,FR,Qual,4,1,1
d6676863-ced3-49e0-adb1-5bd9850c2e15,214,BURY Jeremy,FR,Qual,4,1,1
d6676863-ced3-49e0-adb1-5bd9850c2e15,214,BURY Jeremy,FR,Rank 16,5,3,3
d6676863-ced3-49e0-adb1-5bd9850c2e15,214,BURY Jeremy,FR,Main Tournament - Rank 8,6,2,2
d6676863-ced3-49e0-adb1-5bd9850c2e15,214,BURY Jeremy,FR,Main Tournament - Rank 8,6,2,2
d6676863-ced3-49e0-adb1-5bd9850c2e15,215,ZANETTI Marco,IT,Rank 16,5,3,3
d6676863-ced3-49e0-adb1-5bd9850c2e15,215,ZANETTI Marco,IT,Main Tournament - Rank 8,6,2,2
d6676863-ced3-49e0-adb1-5bd9850c2e15,215,ZANETTI Marco,IT,Main Tournament - Rank 8,6,1,1
d6676863-ced3-49e0-adb1-5bd9850c2e15,216,MERCKX Eddy,BE,Rank 16,5,3,3
d6676863-ced3-49e0-adb1-5bd9850c2e15,216,MERCKX Eddy,BE,Main Tournament - Rank 8,6,2,2
d6676863-ced3-49e0-adb1-5bd9850c2e15,218,JASPERS Dick,NL,Rank 16,5,3,3
d6676863-ced3-49e0-adb1-5bd9850c2e15,225,CANTON Miguel,VE,Pre-Pre-Pre-Qual,1,1,1
d6676863-ced3-49e0-adb1-5bd9850c2e15,225,CANTON Miguel,VE,Pre-Pre-Pre-Qual,1,1,1
d6676863-ced3-49e0-adb1-5bd9850c2e15,225,CANTON Miguel,VE,Pre-Pre-Qual,2,2,2
d6676863-ced3-49e0-adb1-5bd9850c2e15,229,HEO Jung Han,KR,Rank 16,5,2,2
d6676863-ced3-49e0-adb1-5bd9850c2e15,229,HEO Jung Han,KR,Rank 16,5,1,1
d6676863-ced3-49e0-adb1-5bd9850c2e15,231,TASDEMIR Tayfun,TR,Rank 16,5,3,3
d6676863-ced3-49e0-adb1-5bd9850c2e15,240,DE Bruijn Jean Paul,NL,Pre-Qual,3,2,2
d6676863-ced3-49e0-adb1-5bd9850c2e15,245,CEULEMANS Peter,BE,Qual,4,1,1
d6676863-ced3-49e0-adb1-5bd9850c2e15,245,CEULEMANS Peter,BE,Qual,4,1,1
d6676863-ced3-49e0-adb1-5bd9850c2e15,245,CEULEMANS Peter,BE,Rank 16,5,2,2
d6676863-ced3-49e0-adb1-5bd9850c2e15,245,CEULEMANS Peter,BE,Rank 16,5,1,1
d6676863-ced3-49e0-adb1-5bd9850c2e15,245,CEULEMANS Peter,BE,Main Tournament - Rank 8,6,1,1
d6676863-ced3-49e0-adb1-5bd9850c2e15,246,FORTHOMME Roland,BE,Qual,4,2,2
d6676863-ced3-49e0-adb1-5bd9850c2e15,328,KARAKURT Omer,TR,Qual,4,2,2
d6676863-ced3-49e0-adb1-5bd9850c2e15,328,KARAKURT Omer,TR,Rank 16,5,3,3
d6676863-ced3-49e0-adb1-5bd9850c2e15,329,KARAKURT Berkay,TR,Rank 16,5,2,2
d6676863-ced3-49e0-adb1-5bd9850c2e15,329,KARAKURT Berkay,TR,Rank 16,5,1,1
d6676863-ced3-49e0-adb1-5bd9850c2e15,329,KARAKURT Berkay,TR,Main Tournament - Rank 8,6,1,1
d6676863-ced3-49e0-adb1-5bd9850c2e15,338,CHO Myung Woo,KR,Rank 16,5,3,3
d6676863-ced3-49e0-adb1-5bd9850c2e15,338,CHO Myung Woo,KR,Main Tournament - Rank 8,6,2,2
d6676863-ced3-49e0-adb1-5bd9850c2e15,338,CHO Myung Woo,KR,Main Tournament - Rank 8,6,2,2
d6676863-ced3-49e0-adb1-5bd9850c2e15,342,HORN Martin,DE,Rank 16,5,2,2
d6676863-ced3-49e0-adb1-5bd9850c2e15,342,HORN Martin,DE,Rank 16,5,1,1
d6676863-ced3-49e0-adb1-5bd9850c2e15,343,SIDHOM Sameh,EG,Rank 16,5,3,3
d6676863-ced3-49e0-adb1-5bd9850c2e15,349,JIMENEZ Sergio,ES,Pre-Qual,3,2,2
d6676863-ced3-49e0-adb1-5bd9850c2e15,349,JIMENEZ Sergio,ES,Qual,4,2,2
d6676863-ced3-49e0-adb1-5bd9850c2e15,349,JIMENEZ Sergio,ES,Rank 16,5,1,1
d6676863-ced3-49e0-adb1-5bd9850c2e15,349,JIMENEZ Sergio,ES,Rank 16,5,2,2
d6676863-ced3-49e0-adb1-5bd9850c2e15,349,JIMENEZ Sergio,ES,Main Tournament - Rank 8,6,1,1
d6676863-ced3-49e0-adb1-5bd9850c2e15,349,JIMENEZ Sergio,ES,Main Tournament - Rank 8,6,1,1
d6676863-ced3-49e0-adb1-5bd9850c2e15,351,CATANO Huberney,CO,Pre-Qual,3,1,1
d6676863-ced3-49e0-adb1-5bd9850c2e15,351,CATANO Huberney,CO,Pre-Qual,3,1,1
d6676863-ced3-49e0-adb1-5bd9850c2e15,351,CATANO Huberney,CO,Qual,4,2,2
d6676863-ced3-49e0-adb1-5bd9850c2e15,352,SALAZAR Alexander,CO,Pre-Pre-Pre-Qual,1,2,2
d6676863-ced3-49e0-adb1-5bd9850c2e15,352,SALAZAR Alexander,CO,Pre-Pre-Qual,2,2,2
d6676863-ced3-49e0-adb1-5bd9850c2e15,352,SALAZAR Alexander,CO,Pre-Qual,3,2,2
d6676863-ced3-49e0-adb1-5bd9850c2e15,352,SALAZAR Alexander,CO,Qual,4,2,2
d6676863-ced3-49e0-adb1-5bd9850c2e15,358,PHILIPOOM Jozef,BE,Pre-Pre-Qual,2,1,1
d6676863-ced3-49e0-adb1-5bd9850c2e15,358,PHILIPOOM Jozef,BE,Pre-Pre-Qual,2,1,1
d6676863-ced3-49e0-adb1-5bd9850c2e15,358,PHILIPOOM Jozef,BE,Pre-Qual,3,2,2
d6676863-ced3-49e0-adb1-5bd9850c2e15,358,PHILIPOOM Jozef,BE,Qual,4,2,2
d6676863-ced3-49e0-adb1-5bd9850c2e15,369,UYMAZ Birol,TR,Pre-Qual,3,1,1
d6676863-ced3-49e0-adb1-5bd9850c2e15,369,UYMAZ Birol,TR,Pre-Qual,3,1,1
d6676863-ced3-49e0-adb1-5bd9850c2e15,381,JETTEN Karina,NL,Pre-Pre-Qual,2,1,1
d6676863-ced3-49e0-adb1-5bd9850c2e15,381,JETTEN Karina,NL,Pre-Pre-Qual,2,1,1
d6676863-ced3-49e0-adb1-5bd9850c2e15,390,BASEGMEZ Emrullah,TR,Pre-Qual,3,2,2
d6676863-ced3-49e0-adb1-5bd9850c2e15,390,BASEGMEZ Emrullah,TR,Qual,4,1,1
d6676863-ced3-49e0-adb1-5bd9850c2e15,390,BASEGMEZ Emrullah,TR,Qual,4,1,1
d6676863-ced3-49e0-adb1-5bd9850c2e15,390,BASEGMEZ Emrullah,TR,Rank 16,5,3,3
d6676863-ced3-49e0-adb1-5bd9850c2e15,394,KIYOTA Atsushi,JP,Pre-Qual,3,2,2
d6676863-ced3-49e0-adb1-5bd9850c2e15,410,SALMAN Gokhan,TR,Qual,4,2,2
d6676863-ced3-49e0-adb1-5bd9850c2e15,410,SALMAN Gokhan,TR,Rank 16,5,2,2
d6676863-ced3-49e0-adb1-5bd9850c2e15,410,SALMAN Gokhan,TR,Rank 16,5,1,1
d6676863-ced3-49e0-adb1-5bd9850c2e15,410,SALMAN Gokhan,TR,Main Tournament - Rank 8,6,2,2
d6676863-ced3-49e0-adb1-5bd9850c2e15,410,SALMAN Gokhan,TR,Main Tournament - Rank 8,6,1,1
d6676863-ced3-49e0-adb1-5bd9850c2e15,412,GOREN Mehmet,TR,Pre-Qual,3,1,1
d6676863-ced3-49e0-adb1-5bd9850c2e15,412,GOREN Mehmet,TR,Pre-Qual,3,1,1
d6676863-ced3-49e0-adb1-5bd9850c2e15,422,SOUMAGNE Pierre,FR,Qual,4,1,1
d6676863-ced3-49e0-adb1-5bd9850c2e15,422,SOUMAGNE Pierre,FR,Qual,4,1,1
d6676863-ced3-49e0-adb1-5bd9850c2e15,430,REVERCHON Jean,FR,Pre-Pre-Pre-Qual,1,1,1
d6676863-ced3-49e0-adb1-5bd9850c2e15,430,REVERCHON Jean,FR,Pre-Pre-Pre-Qual,1,1,1
d6676863-ced3-49e0-adb1-5bd9850c2e15,430,REVERCHON Jean,FR,Pre-Pre-Qual,2,2,2
d6676863-ced3-49e0-adb1-5bd9850c2e15,434,COSTA Rui Manuel,PT,Rank 16,5,1,1
d6676863-ced3-49e0-adb1-5bd9850c2e15,434,COSTA Rui Manuel,PT,Rank 16,5,2,2
d6676863-ced3-49e0-adb1-5bd9850c2e15,435,ALP Ahmet,TR,Pre-Qual,3,1,1
d6676863-ced3-49e0-adb1-5bd9850c2e15,435,ALP Ahmet,TR,Pre-Qual,3,1,1
d6676863-ced3-49e0-adb1-5bd9850c2e15,438,LEGAZPI Ruben,ES,Qual,4,1,1
d6676863-ced3-49e0-adb1-5bd9850c2e15,438,LEGAZPI Ruben,ES,Qual,4,1,1
d6676863-ced3-49e0-adb1-5bd9850c2e15,438,LEGAZPI Ruben,ES,Rank 16,5,2,2
d6676863-ced3-49e0-adb1-5bd9850c2e15,438,LEGAZPI Ruben,ES,Rank 16,5,1,1
d6676863-ced3-49e0-adb1-5bd9850c2e15,438,LEGAZPI Ruben,ES,Main Tournament - Rank 8,6,2,2
d6676863-ced3-49e0-adb1-5bd9850c2e15,443,TRAN Quyet Chien,VN,Rank 16,5,3,3
d6676863-ced3-49e0-adb1-5bd9850c2e15,478,COSTA Jorge,PT,Pre-Pre-Qual,2,1,1
d6676863-ced3-49e0-adb1-5bd9850c2e15,478,COSTA Jorge,PT,Pre-Pre-Qual,2,1,1
d6676863-ced3-49e0-adb1-5bd9850c2e15,480,CUNHA Fernando ,PT,Pre-Pre-Pre-Qual,1,1,1
d6676863-ced3-49e0-adb1-5bd9850c2e15,480,CUNHA Fernando ,PT,Pre-Pre-Pre-Qual,1,1,1
d6676863-ced3-49e0-adb1-5bd9850c2e15,500,SILVA Fernando Manuel ,PT,Pre-Pre-Pre-Qual,1,1,1
d6676863-ced3-49e0-adb1-5bd9850c2e15,500,SILVA Fernando Manuel ,PT,Pre-Pre-Pre-Qual,1,1,1
d6676863-ced3-49e0-adb1-5bd9850c2e15,500,SILVA Fernando Manuel ,PT,Pre-Pre-Qual,2,2,2
d6676863-ced3-49e0-adb1-5bd9850c2e15,513,GOMES Vasco,PT,Pre-Pre-Pre-Qual,1,2,2
d6676863-ced3-49e0-adb1-5bd9850c2e15,517,SANTOS Oliveira Manuel,PT,Pre-Pre-Pre-Qual,1,2,2
d6676863-ced3-49e0-adb1-5bd9850c2e15,538,KIRAZ Tolgahan,TR,Rank 16,5,1,1
d6676863-ced3-49e0-adb1-5bd9850c2e15,538,KIRAZ Tolgahan,TR,Rank 16,5,2,2
d6676863-ced3-49e0-adb1-5bd9850c2e15,538,KIRAZ Tolgahan,TR,Main Tournament - Rank 8,6,1,1
d6676863-ced3-49e0-adb1-5bd9850c2e15,539,LEGAZPI Alfonso,ES,Pre-Pre-Pre-Qual,1,2,2
d6676863-ced3-49e0-adb1-5bd9850c2e15,539,LEGAZPI Alfonso,ES,Pre-Pre-Qual,2,2,2
d6676863-ced3-49e0-adb1-5bd9850c2e15,547,DE Kruijf Jordy,NL,Pre-Qual,3,1,1
d6676863-ced3-49e0-adb1-5bd9850c2e15,547,DE Kruijf Jordy,NL,Pre-Qual,3,1,1
d6676863-ced3-49e0-adb1-5bd9850c2e15,558,KANBARA Masataka,JP,Pre-Pre-Pre-Qual,1,2,2
d6676863-ced3-49e0-adb1-5bd9850c2e15,578,KIM Haeng Jik,KR,Qual,4,2,2
d6676863-ced3-49e0-adb1-5bd9850c2e15,578,KIM Haeng Jik,KR,Rank 16,5,2,2
d6676863-ced3-49e0-adb1-5bd9850c2e15,578,KIM Haeng Jik,KR,Rank 16,5,1,1
d6676863-ced3-49e0-adb1-5bd9850c2e15,578,KIM Haeng Jik,KR,Main Tournament - Rank 8,6,1,1
d6676863-ced3-49e0-adb1-5bd9850c2e15,595,GARCIA Jose Juan,CO,Pre-Qual,3,2,2
d6676863-ced3-49e0-adb1-5bd9850c2e15,595,GARCIA Jose Juan,CO,Qual,4,2,2
d6676863-ced3-49e0-adb1-5bd9850c2e15,595,GARCIA Jose Juan,CO,Rank 16,5,1,1
d6676863-ced3-49e0-adb1-5bd9850c2e15,595,GARCIA Jose Juan,CO,Rank 16,5,2,2
d6676863-ced3-49e0-adb1-5bd9850c2e15,1507,TRAN Thanh Luc,VN,Rank 16,5,3,3
d6676863-ced3-49e0-adb1-5bd9850c2e15,1508,THAI Hong Chiem,VN,Rank 16,5,1,1
d6676863-ced3-49e0-adb1-5bd9850c2e15,1508,THAI Hong Chiem,VN,Rank 16,5,2,2
d6676863-ced3-49e0-adb1-5bd9850c2e15,1509,LOWE Tom,DE,Pre-Pre-Qual,2,1,1
d6676863-ced3-49e0-adb1-5bd9850c2e15,1509,LOWE Tom,DE,Pre-Pre-Qual,2,1,1
d6676863-ced3-49e0-adb1-5bd9850c2e15,1509,LOWE Tom,DE,Pre-Qual,3,2,2
d6676863-ced3-49e0-adb1-5bd9850c2e15,1510,DEVOGELAERE Mikael,FR,Pre-Qual,3,1,1
d6676863-ced3-49e0-adb1-5bd9850c2e15,1510,DEVOGELAERE Mikael,FR,Pre-Qual,3,1,1
d6676863-ced3-49e0-adb1-5bd9850c2e15,1521,NGUYEN Tran Thanh Tu,VN,Qual,4,1,1
d6676863-ced3-49e0-adb1-5bd9850c2e15,1521,NGUYEN Tran Thanh Tu,VN,Qual,4,1,1
d6676863-ced3-49e0-adb1-5bd9850c2e15,1522,BAO Phuong Vinh,VN,Rank 16,5,1,1
d6676863-ced3-49e0-adb1-5bd9850c2e15,1522,BAO Phuong Vinh,VN,Rank 16,5,2,2
d6676863-ced3-49e0-adb1-5bd9850c2e15,1524,AWWAD Naser,JO,Pre-Pre-Qual,2,2,2
d6676863-ced3-49e0-adb1-5bd9850c2e15,1525,KOLFAD Jihad,LB,Rank 16,5,3,3
d6676863-ced3-49e0-adb1-5bd9850c2e15,1532,KAHOFER Arnim,AT,Pre-Qual,3,2,2
d6676863-ced3-49e0-adb1-5bd9850c2e15,1533,SOARES Jose Miguel,PT,Rank 16,5,3,3
d6676863-ced3-49e0-adb1-5bd9850c2e15,1537,CHA Myeong Jong,KR,Qual,4,2,2
d6676863-ced3-49e0-adb1-5bd9850c2e15,1537,CHA Myeong Jong,KR,Rank 16,5,3,3
d6676863-ced3-49e0-adb1-5bd9850c2e15,1537,CHA Myeong Jong,KR,Main Tournament - Rank 8,6,1,1
d6676863-ced3-49e0-adb1-5bd9850c2e15,1538,SEO Chang Hoon,KR,Qual,4,2,2
d6676863-ced3-49e0-adb1-5bd9850c2e15,1539,HWANG Bong Joo,KR,Qual,4,1,1
d6676863-ced3-49e0-adb1-5bd9850c2e15,1539,HWANG Bong Joo,KR,Qual,4,1,1
d6676863-ced3-49e0-adb1-5bd9850c2e15,1540,JORISSEN Jeffrey,NL,Qual,4,1,1
d6676863-ced3-49e0-adb1-5bd9850c2e15,1540,JORISSEN Jeffrey,NL,Qual,4,1,1
d6676863-ced3-49e0-adb1-5bd9850c2e15,1541,ORAK Turgay,TR,Qual,4,1,1
d6676863-ced3-49e0-adb1-5bd9850c2e15,1541,ORAK Turgay,TR,Qual,4,1,1
d6676863-ced3-49e0-adb1-5bd9850c2e15,1542,KOSTISTANSKY Gerhard,AT,Qual,4,2,2
d6676863-ced3-49e0-adb1-5bd9850c2e15,1543,VAN Etten Sam,NL,Qual,4,1,1
d6676863-ced3-49e0-adb1-5bd9850c2e15,1543,VAN Etten Sam,NL,Qual,4,1,1
d6676863-ced3-49e0-adb1-5bd9850c2e15,1544,KANG Ja In,KR,Qual,4,1,1
d6676863-ced3-49e0-adb1-5bd9850c2e15,1544,KANG Ja In,KR,Qual,4,1,1
d6676863-ced3-49e0-adb1-5bd9850c2e15,1545,VASSEUR Kevin,FR,Pre-Qual,3,2,2
d6676863-ced3-49e0-adb1-5bd9850c2e15,1545,VASSEUR Kevin,FR,Qual,4,2,2
d6676863-ced3-49e0-adb1-5bd9850c2e15,1546,YAVUZ Tarik,TR,Pre-Qual,3,2,2
d6676863-ced3-49e0-adb1-5bd9850c2e15,1547,DE Kok Joey,NL,Pre-Qual,3,2,2
d6676863-ced3-49e0-adb1-5bd9850c2e15,1548,WILKOWSKI Huub,NL,Pre-Qual,3,2,2
d6676863-ced3-49e0-adb1-5bd9850c2e15,1549,STAMM Lukas,DE,Pre-Qual,3,2,2
d6676863-ced3-49e0-adb1-5bd9850c2e15,1550,SAEIJS Alain,BE,Pre-Qual,3,2,2
d6676863-ced3-49e0-adb1-5bd9850c2e15,1551,RAHMET Muammer,TR,Pre-Qual,3,1,1
d6676863-ced3-49e0-adb1-5bd9850c2e15,1551,RAHMET Muammer,TR,Pre-Qual,3,1,1
d6676863-ced3-49e0-adb1-5bd9850c2e15,1552,BAS Serdal,TR,Pre-Qual,3,2,2
d6676863-ced3-49e0-adb1-5bd9850c2e15,1552,BAS Serdal,TR,Qual,4,1,1
d6676863-ced3-49e0-adb1-5bd9850c2e15,1552,BAS Serdal,TR,Qual,4,1,1
d6676863-ced3-49e0-adb1-5bd9850c2e15,1553,KORKMAZ Fatih,TR,Pre-Qual,3,1,1
d6676863-ced3-49e0-adb1-5bd9850c2e15,1553,KORKMAZ Fatih,TR,Pre-Qual,3,1,1
d6676863-ced3-49e0-adb1-5bd9850c2e15,1554,CETIN Volkan,NL,Pre-Qual,3,1,1
d6676863-ced3-49e0-adb1-5bd9850c2e15,1554,CETIN Volkan,NL,Pre-Qual,3,1,1
d6676863-ced3-49e0-adb1-5bd9850c2e15,1555,DAO Van Ly,VN,Pre-Qual,3,1,1
d6676863-ced3-49e0-adb1-5bd9850c2e15,1555,DAO Van Ly,VN,Pre-Qual,3,1,1
d6676863-ced3-49e0-adb1-5bd9850c2e15,1555,DAO Van Ly,VN,Qual,4,2,2
d6676863-ced3-49e0-adb1-5bd9850c2e15,1555,DAO Van Ly,VN,Rank 16,5,3,3
d6676863-ced3-49e0-adb1-5bd9850c2e15,1555,DAO Van Ly,VN,Main Tournament - Rank 8,6,1,1
d6676863-ced3-49e0-adb1-5bd9850c2e15,1557,ABU Tayeh Mashhour,JO,Pre-Qual,3,1,1
d6676863-ced3-49e0-adb1-5bd9850c2e15,1557,ABU Tayeh Mashhour,JO,Pre-Qual,3,1,1
d6676863-ced3-49e0-adb1-5bd9850c2e15,1558,BROUWERS Reggy,NL,Pre-Qual,3,1,1
d6676863-ced3-49e0-adb1-5bd9850c2e15,1558,BROUWERS Reggy,NL,Pre-Qual,3,1,1
d6676863-ced3-49e0-adb1-5bd9850c2e15,1559,PANAIA Maxime,FR,Pre-Qual,3,1,1
d6676863-ced3-49e0-adb1-5bd9850c2e15,1559,PANAIA Maxime,FR,Pre-Qual,3,1,1
d6676863-ced3-49e0-adb1-5bd9850c2e15,1559,PANAIA Maxime,FR,Qual,4,2,2
d6676863-ced3-49e0-adb1-5bd9850c2e15,1561,GULBAY Ali,TR,Pre-Qual,3,2,2
d6676863-ced3-49e0-adb1-5bd9850c2e15,1562,MOULOS Vangelis,GR,Pre-Qual,3,1,1
d6676863-ced3-49e0-adb1-5bd9850c2e15,1562,MOULOS Vangelis,GR,Pre-Qual,3,1,1
d6676863-ced3-49e0-adb1-5bd9850c2e15,1563,LINDEMANN Ronny,DE,Pre-Qual,3,1,1
d6676863-ced3-49e0-adb1-5bd9850c2e15,1563,LINDEMANN Ronny,DE,Pre-Qual,3,1,1
d6676863-ced3-49e0-adb1-5bd9850c2e15,1565,KABAK Gurhan,DE,Pre-Pre-Qual,2,2,2
d6676863-ced3-49e0-adb1-5bd9850c2e15,1566,PENNOR David,SE,Pre-Pre-Qual,2,2,2
d6676863-ced3-49e0-adb1-5bd9850c2e15,1566,PENNOR David,SE,Pre-Qual,3,2,2
d6676863-ced3-49e0-adb1-5bd9850c2e15,1567,ESEN Ismet,TR,Pre-Pre-Qual,2,2,2
d6676863-ced3-49e0-adb1-5bd9850c2e15,1568,THON Viet Hoang Minh,VN,Pre-Pre-Qual,2,2,2
d6676863-ced3-49e0-adb1-5bd9850c2e15,1568,THON Viet Hoang Minh,VN,Pre-Qual,3,2,2
d6676863-ced3-49e0-adb1-5bd9850c2e15,1568,THON Viet Hoang Minh,VN,Qual,4,2,2
d6676863-ced3-49e0-adb1-5bd9850c2e15,1568,THON Viet Hoang Minh,VN,Rank 16,5,2,2
d6676863-ced3-49e0-adb1-5bd9850c2e15,1568,THON Viet Hoang Minh,VN,Rank 16,5,1,1
d6676863-ced3-49e0-adb1-5bd9850c2e15,1570,BOUERDICK Tobias,DE,Pre-Pre-Qual,2,2,2
d6676863-ced3-49e0-adb1-5bd9850c2e15,1570,BOUERDICK Tobias,DE,Pre-Qual,3,2,2
d6676863-ced3-49e0-adb1-5bd9850c2e15,1571,NGUYEN Hoan Tat,VN,Pre-Pre-Qual,2,2,2
d6676863-ced3-49e0-adb1-5bd9850c2e15,1573,IBRAIMOV Ali,DE,Pre-Pre-Qual,2,2,2
d6676863-ced3-49e0-adb1-5bd9850c2e15,1573,IBRAIMOV Ali,DE,Pre-Qual,3,2,2
d6676863-ced3-49e0-adb1-5bd9850c2e15,1574,ULUDAGLILAR Gokhan,TR,Pre-Pre-Qual,2,2,2
d6676863-ced3-49e0-adb1-5bd9850c2e15,1576,CAMBERLIN Fabien,FR,Pre-Pre-Qual,2,2,2
d6676863-ced3-49e0-adb1-5bd9850c2e15,1578,LONG Nguyen Chi,VN,Pre-Pre-Qual,2,2,2
d6676863-ced3-49e0-adb1-5bd9850c2e15,1578,LONG Nguyen Chi,VN,Pre-Qual,3,2,2
d6676863-ced3-49e0-adb1-5bd9850c2e15,1578,LONG Nguyen Chi,VN,Qual,4,2,2
d6676863-ced3-49e0-adb1-5bd9850c2e15,1579,MORTENSEN Lukas,DK,Pre-Pre-Qual,2,1,1
d6676863-ced3-49e0-adb1-5bd9850c2e15,1579,MORTENSEN Lukas,DK,Pre-Pre-Qual,2,1,1
d6676863-ced3-49e0-adb1-5bd9850c2e15,1580,LATORRE Christian,CO,Pre-Pre-Qual,2,1,1
d6676863-ced3-49e0-adb1-5bd9850c2e15,1580,LATORRE Christian,CO,Pre-Pre-Qual,2,1,1
d6676863-ced3-49e0-adb1-5bd9850c2e15,1581,MORENO Daniel,CO,Pre-Pre-Qual,2,1,1
d6676863-ced3-49e0-adb1-5bd9850c2e15,1581,MORENO Daniel,CO,Pre-Pre-Qual,2,1,1
d6676863-ced3-49e0-adb1-5bd9850c2e15,1585,SZIVACZ Herbert,AT,Pre-Pre-Qual,2,1,1
d6676863-ced3-49e0-adb1-5bd9850c2e15,1585,SZIVACZ Herbert,AT,Pre-Pre-Qual,2,1,1
d6676863-ced3-49e0-adb1-5bd9850c2e15,1585,SZIVACZ Herbert,AT,Pre-Qual,3,2,2
d6676863-ced3-49e0-adb1-5bd9850c2e15,1585,SZIVACZ Herbert,AT,Qual,4,2,2
d6676863-ced3-49e0-adb1-5bd9850c2e15,1586,KIM Dohyun,KR,Pre-Pre-Qual,2,1,1
d6676863-ced3-49e0-adb1-5bd9850c2e15,1586,KIM Dohyun,KR,Pre-Pre-Qual,2,1,1
d6676863-ced3-49e0-adb1-5bd9850c2e15,1586,KIM Dohyun,KR,Pre-Qual,3,2,2
d6676863-ced3-49e0-adb1-5bd9850c2e15,1588,ΜΑΥΡΙΔΟΓΛΟΥ Λίτσα,GR,Pre-Pre-Qual,2,1,1
d6676863-ced3-49e0-adb1-5bd9850c2e15,1588,ΜΑΥΡΙΔΟΓΛΟΥ Λίτσα,GR,Pre-Pre-Qual,2,1,1
d6676863-ced3-49e0-adb1-5bd9850c2e15,1589,MORALES Marcos,ES,Pre-Pre-Qual,2,1,1
d6676863-ced3-49e0-adb1-5bd9850c2e15,1589,MORALES Marcos,ES,Pre-Pre-Qual,2,1,1
d6676863-ced3-49e0-adb1-5bd9850c2e15,1589,MORALES Marcos,ES,Pre-Qual,3,2,2
d6676863-ced3-49e0-adb1-5bd9850c2e15,1590,JACQUEMOND Olivier,FR,Pre-Pre-Qual,2,2,2
d6676863-ced3-49e0-adb1-5bd9850c2e15,1590,JACQUEMOND Olivier,FR,Pre-Qual,3,2,2
d6676863-ced3-49e0-adb1-5bd9850c2e15,1592,LALANNE Patrice,FR,Pre-Pre-Pre-Qual,1,2,2
d6676863-ced3-49e0-adb1-5bd9850c2e15,1595,CIN Aygun,DE,Pre-Pre-Pre-Qual,1,1,1
d6676863-ced3-49e0-adb1-5bd9850c2e15,1595,CIN Aygun,DE,Pre-Pre-Pre-Qual,1,1,1
d6676863-ced3-49e0-adb1-5bd9850c2e15,1596,KAPUSIZ Ufuk,TR,Pre-Pre-Pre-Qual,1,2,2
d6676863-ced3-49e0-adb1-5bd9850c2e15,1596,KAPUSIZ Ufuk,TR,Pre-Pre-Qual,2,2,2
d6676863-ced3-49e0-adb1-5bd9850c2e15,1599,CELIK Hakan,DE,Pre-Pre-Pre-Qual,1,2,2
d6676863-ced3-49e0-adb1-5bd9850c2e15,1601,DALAKAS Dimitrios,GR,Pre-Pre-Pre-Qual,1,2,2
d6676863-ced3-49e0-adb1-5bd9850c2e15,1602,HILAIRE Jimmy,FR,Pre-Pre-Pre-Qual,1,2,2
d6676863-ced3-49e0-adb1-5bd9850c2e15,1603,LUAN Nguyen Dinh,VN,Pre-Pre-Pre-Qual,1,2,2
d6676863-ced3-49e0-adb1-5bd9850c2e15,1603,LUAN Nguyen Dinh,VN,Pre-Pre-Qual,2,2,2
d6676863-ced3-49e0-adb1-5bd9850c2e15,1613,DERRADJI Samir,FR,Pre-Pre-Pre-Qual,1,2,2
d6676863-ced3-49e0-adb1-5bd9850c2e15,1614,DURIEZ Nathan,FR,Pre-Pre-Pre-Qual,1,1,1
d6676863-ced3-49e0-adb1-5bd9850c2e15,1614,DURIEZ Nathan,FR,Pre-Pre-Pre-Qual,1,1,1
d6676863-ced3-49e0-adb1-5bd9850c2e15,1619,CRESPO Carlos,ES,Pre-Pre-Pre-Qual,1,1,1
d6676863-ced3-49e0-adb1-5bd9850c2e15,1619,CRESPO Carlos,ES,Pre-Pre-Pre-Qual,1,1,1
d6676863-ced3-49e0-adb1-5bd9850c2e15,1619,CRESPO Carlos,ES,Pre-Pre-Qual,2,2,2
d6676863-ced3-49e0-adb1-5bd9850c2e15,1636,BOUCHAT Fabrice,FR,Pre-Pre-Pre-Qual,1,2,2
d6676863-ced3-49e0-adb1-5bd9850c2e15,1636,BOUCHAT Fabrice,FR,Pre-Pre-Qual,2,2,2
d6676863-ced3-49e0-adb1-5bd9850c2e15,1652,BLAUWBLOMME Henk,BE,Pre-Pre-Pre-Qual,1,1,1
d6676863-ced3-49e0-adb1-5bd9850c2e15,1652,BLAUWBLOMME Henk,BE,Pre-Pre-Pre-Qual,1,1,1
d6676863-ced3-49e0-adb1-5bd9850c2e15,1652,BLAUWBLOMME Henk,BE,Pre-Pre-Qual,2,2,2
d6676863-ced3-49e0-adb1-5bd9850c2e15,1655,BACHMAIER Roman,DE,Pre-Pre-Pre-Qual,1,2,2
d6676863-ced3-49e0-adb1-5bd9850c2e15,2024,BACK Marcel,DE,Pre-Pre-Qual,2,2,2
d6676863-ced3-49e0-adb1-5bd9850c2e15,2045,DURIEZ Tangui,FR,Pre-Pre-Pre-Qual,1,2,2
d6676863-ced3-49e0-adb1-5bd9850c2e15,2045,DURIEZ Tangui,FR,Pre-Pre-Qual,2,2,2
d6676863-ced3-49e0-adb1-5bd9850c2e15,2045,DURIEZ Tangui,FR,Pre-Qual,3,2,2
d6676863-ced3-49e0-adb1-5bd9850c2e15,2255,ESCRIBANO Joseba,ES,Pre-Pre-Pre-Qual,1,1,1
d6676863-ced3-49e0-adb1-5bd9850c2e15,2255,ESCRIBANO Joseba,ES,Pre-Pre-Pre-Qual,1,1,1
d6676863-ced3-49e0-adb1-5bd9850c2e15,2255,ESCRIBANO Joseba,ES,Pre-Pre-Qual,2,2,2
d6676863-ced3-49e0-adb1-5bd9850c2e15,2296,DEMMING Adrie,NL,Pre-Pre-Qual,2,1,1
d6676863-ced3-49e0-adb1-5bd9850c2e15,2296,DEMMING Adrie,NL,Pre-Pre-Qual,2,1,1
d6676863-ced3-49e0-adb1-5bd9850c2e15,2296,DEMMING Adrie,NL,Pre-Qual,3,2,2
d6676863-ced3-49e0-adb1-5bd9850c2e15,2311,PINTO Luis,PT,Pre-Pre-Pre-Qual,1,1,1
d6676863-ced3-49e0-adb1-5bd9850c2e15,2311,PINTO Luis,PT,Pre-Pre-Pre-Qual,1,1,1
d6676863-ced3-49e0-adb1-5bd9850c2e15,2311,PINTO Luis,PT,Pre-Pre-Qual,2,2,2
d6676863-ced3-49e0-adb1-5bd9850c2e15,2311,PINTO Luis,PT,Pre-Qual,3,2,2
d6676863-ced3-49e0-adb1-5bd9850c2e15,2329,SANTOS Gonçalo,PT,Pre-Pre-Pre-Qual,1,1,1
d6676863-ced3-49e0-adb1-5bd9850c2e15,2329,SANTOS Gonçalo,PT,Pre-Pre-Pre-Qual,1,1,1
d6676863-ced3-49e0-adb1-5bd9850c2e15,2329,SANTOS Gonçalo,PT,Pre-Pre-Qual,2,2,2
d6676863-ced3-49e0-adb1-5bd9850c2e15,2491,PHILIPOOM Luca,NL,Pre-Pre-Qual,2,1,1
d6676863-ced3-49e0-adb1-5bd9850c2e15,2491,PHILIPOOM Luca,NL,Pre-Pre-Qual,2,1,1
d6676863-ced3-49e0-adb1-5bd9850c2e15,2721,RODRIGUES Francisco,PT,Pre-Pre-Pre-Qual,1,2,2
d6676863-ced3-49e0-adb1-5bd9850c2e15,2723,TACHOIRE Adrien,FR,Pre-Pre-Qual,2,2,2
d6676863-ced3-49e0-adb1-5bd9850c2e15,2723,TACHOIRE Adrien,FR,Pre-Qual,3,2,2
d6676863-ced3-49e0-adb1-5bd9850c2e15,3070,IBRAIMOV Amir,DE,Pre-Pre-Qual,2,1,1
d6676863-ced3-49e0-adb1-5bd9850c2e15,3070,IBRAIMOV Amir,DE,Pre-Pre-Qual,2,1,1
d6676863-ced3-49e0-adb1-5bd9850c2e15,3070,IBRAIMOV Amir,DE,Pre-Qual,3,2,2
d6676863-ced3-49e0-adb1-5bd9850c2e15,3070,IBRAIMOV Amir,DE,Qual,4,2,2
d6676863-ced3-49e0-adb1-5bd9850c2e15,3168,GLENN Hofman,NL,Qual,4,2,2
d6676863-ced3-49e0-adb1-5bd9850c2e15,3168,GLENN Hofman,NL,Rank 16,5,2,2
d6676863-ced3-49e0-adb1-5bd9850c2e15,3168,GLENN Hofman,NL,Rank 16,5,1,1
d6676863-ced3-49e0-adb1-5bd9850c2e15,3168,GLENN Hofman,NL,Main Tournament - Rank 8,6,1,1
d6676863-ced3-49e0-adb1-5bd9850c2e15,3365,MORALES Daniel,CO,Pre-Qual,3,2,2
d6676863-ced3-49e0-adb1-5bd9850c2e15,3365,MORALES Daniel,CO,Qual,4,2,2
d6676863-ced3-49e0-adb1-5bd9850c2e15,3397,KWON Miru,KR,Pre-Pre-Pre-Qual,1,2,2
d6676863-ced3-49e0-adb1-5bd9850c2e15,3401,CAN Cengiz,TR,Pre-Pre-Pre-Qual,1,2,2
d6676863-ced3-49e0-adb1-5bd9850c2e15,3446,PRASSAS Konstantinos,GR,Pre-Pre-Pre-Qual,1,1,1
d6676863-ced3-49e0-adb1-5bd9850c2e15,3446,PRASSAS Konstantinos,GR,Pre-Pre-Pre-Qual,1,1,1
d6676863-ced3-49e0-adb1-5bd9850c2e15,3451,SABRY Mohamed,EG,Pre-Pre-Pre-Qual,1,2,2
d6676863-ced3-49e0-adb1-5bd9850c2e15,3529,YILDIZ Cenk,TR,Pre-Pre-Pre-Qual,1,2,2
d6676863-ced3-49e0-adb1-5bd9850c2e15,3530,AZEVEDO Antonio,PT,Pre-Pre-Pre-Qual,1,2,2
d6676863-ced3-49e0-adb1-5bd9850c2e15,3531,CARDOSO Jose,PT,Pre-Pre-Pre-Qual,1,2,2
d6676863-ced3-49e0-adb1-5bd9850c2e15,3532,CASADO ALVAREZ Jose Angel,ES,Pre-Pre-Pre-Qual,1,2,2
d6676863-ced3-49e0-adb1-5bd9850c2e15,3533,CORREIA Antonio,PT,Pre-Pre-Pre-Qual,1,2,2
d6676863-ced3-49e0-adb1-5bd9850c2e15,3534,EDGAR Rui,PT,Pre-Pre-Pre-Qual,1,1,1
d6676863-ced3-49e0-adb1-5bd9850c2e15,3534,EDGAR Rui,PT,Pre-Pre-Pre-Qual,1,1,1
d6676863-ced3-49e0-adb1-5bd9850c2e15,3534,EDGAR Rui,PT,Pre-Pre-Qual,2,2,2
d6676863-ced3-49e0-adb1-5bd9850c2e15,3535,ESCUDEIRO Jose,PT,Pre-Pre-Pre-Qual,1,2,2
d6676863-ced3-49e0-adb1-5bd9850c2e15,3536,FIGUEIREDO Artur,PT,Pre-Pre-Pre-Qual,1,1,1
d6676863-ced3-49e0-adb1-5bd9850c2e15,3536,FIGUEIREDO Artur,PT,Pre-Pre-Pre-Qual,1,1,1
d6676863-ced3-49e0-adb1-5bd9850c2e15,3537,MAIA Fernando,PT,Pre-Pre-Pre-Qual,1,2,2
d6676863-ced3-49e0-adb1-5bd9850c2e15,3538,MENDES Joaquim,PT,Pre-Pre-Pre-Qual,1,2,2
d6676863-ced3-49e0-adb1-5bd9850c2e15,3539,Pinto Vítor,PT,Pre-Pre-Pre-Qual,1,2,2
d6676863-ced3-49e0-adb1-5bd9850c2e15,3540,PORIDIS Vasil,TR,Pre-Pre-Pre-Qual,1,2,2
d6676863-ced3-49e0-adb1-5bd9850c2e15,3541,RIOTTO Jerome,FR,Pre-Pre-Pre-Qual,1,2,2
d6676863-ced3-49e0-adb1-5bd9850c2e15,3542,ROESTEL Norbert,DE,Pre-Pre-Pre-Qual,1,2,2
d6676863-ced3-49e0-adb1-5bd9850c2e15,3542,ROESTEL Norbert,DE,Pre-Pre-Qual,2,2,2
d6676863-ced3-49e0-adb1-5bd9850c2e15,3543,SILVA Anibal,PT,Pre-Pre-Pre-Qual,1,1,1
d6676863-ced3-49e0-adb1-5bd9850c2e15,3543,SILVA Anibal,PT,Pre-Pre-Pre-Qual,1,1,1
d6676863-ced3-49e0-adb1-5bd9850c2e15,3543,SILVA Anibal,PT,Pre-Pre-Qual,2,2,2
d6676863-ced3-49e0-adb1-5bd9850c2e15,3544,TRUONG Tay Dien,DE,Pre-Pre-Pre-Qual,1,2,2
d6676863-ced3-49e0-adb1-5bd9850c2e15,3545,VITORINO Alexandre,PT,Pre-Pre-Pre-Qual,1,1,1
d6676863-ced3-49e0-adb1-5bd9850c2e15,3545,VITORINO Alexandre,PT,Pre-Pre-Pre-Qual,1,1,1
d6676863-ced3-49e0-adb1-5bd9850c2e15,3595,MINAOGLU Manol,TR,Pre-Pre-Qual,2,1,1
d6676863-ced3-49e0-adb1-5bd9850c2e15,3595,MINAOGLU Manol,TR,Pre-Pre-Qual,2,1,1
e8e9634d-7f81-429c-8e08-ada646adc353,79,ΚΟΚΚΟΡΗΣ Κωνσταντινος,GR,PPPQ,1,2,2
e8e9634d-7f81-429c-8e08-ada646adc353,79,ΚΟΚΚΟΡΗΣ Κωνσταντινος,GR,PPQ,2,2,2
e8e9634d-7f81-429c-8e08-ada646adc353,79,ΚΟΚΚΟΡΗΣ Κωνσταντινος,GR,PQ,3,2,2
e8e9634d-7f81-429c-8e08-ada646adc353,79,ΚΟΚΚΟΡΗΣ Κωνσταντινος,GR,Q,4,2,2
e8e9634d-7f81-429c-8e08-ada646adc353,104,ΜΑΤΙΑΚΗΣ Αθανασιος,GR,PPPQ,1,2,2
e8e9634d-7f81-429c-8e08-ada646adc353,135,PEKER Muharrem,TR,PQ,3,1,1
e8e9634d-7f81-429c-8e08-ada646adc353,135,PEKER Muharrem,TR,PQ,3,1,1
e8e9634d-7f81-429c-8e08-ada646adc353,142,ΠΟΛΥΧΡΟΝΟΠΟΥΛΟΣ Νικολαος,GR,Q,4,2,2
e8e9634d-7f81-429c-8e08-ada646adc353,142,ΠΟΛΥΧΡΟΝΟΠΟΥΛΟΣ Νικολαος,GR,1/16 MAIN TOURNAMENT,5,2,2
e8e9634d-7f81-429c-8e08-ada646adc353,142,ΠΟΛΥΧΡΟΝΟΠΟΥΛΟΣ Νικολαος,GR,1/16 MAIN TOURNAMENT,5,1,1
e8e9634d-7f81-429c-8e08-ada646adc353,151,ΣΕΛΕΒΕΝΤΑΣ Δημητριος,GR,PQ,3,2,2
e8e9634d-7f81-429c-8e08-ada646adc353,212,BLOMDAHL Torbjörn,SE,Q,4,2,2
e8e9634d-7f81-429c-8e08-ada646adc353,212,BLOMDAHL Torbjörn,SE,1/16 MAIN TOURNAMENT,5,3,3
e8e9634d-7f81-429c-8e08-ada646adc353,213,CAUDRON Frederic,BE,1/16 MAIN TOURNAMENT,5,3,3
e8e9634d-7f81-429c-8e08-ada646adc353,213,CAUDRON Frederic,BE,1/8 FINAL TOURNAMENT,6,1,1
e8e9634d-7f81-429c-8e08-ada646adc353,214,BURY Jeremy,FR,1/16 MAIN TOURNAMENT,5,1,1
e8e9634d-7f81-429c-8e08-ada646adc353,214,BURY Jeremy,FR,1/16 MAIN TOURNAMENT,5,2,2
e8e9634d-7f81-429c-8e08-ada646adc353,214,BURY Jeremy,FR,1/8 FINAL TOURNAMENT,6,1,1
e8e9634d-7f81-429c-8e08-ada646adc353,215,ZANETTI Marco,IT,1/16 MAIN TOURNAMENT,5,3,3
e8e9634d-7f81-429c-8e08-ada646adc353,215,ZANETTI Marco,IT,1/8 FINAL TOURNAMENT,6,2,2
e8e9634d-7f81-429c-8e08-ada646adc353,216,MERCKX Eddy,BE,1/16 MAIN TOURNAMENT,5,3,3
e8e9634d-7f81-429c-8e08-ada646adc353,216,MERCKX Eddy,BE,1/8 FINAL TOURNAMENT,6,1,1
e8e9634d-7f81-429c-8e08-ada646adc353,218,JASPERS Dick,NL,1/16 MAIN TOURNAMENT,5,3,3
e8e9634d-7f81-429c-8e08-ada646adc353,218,JASPERS Dick,NL,1/8 FINAL TOURNAMENT,6,3,3
e8e9634d-7f81-429c-8e08-ada646adc353,218,JASPERS Dick,NL,1/8 FINAL TOURNAMENT,6,1,1
e8e9634d-7f81-429c-8e08-ada646adc353,229,HEO Jung Han,KR,1/16 MAIN TOURNAMENT,5,2,2
e8e9634d-7f81-429c-8e08-ada646adc353,229,HEO Jung Han,KR,1/16 MAIN TOURNAMENT,5,1,1
e8e9634d-7f81-429c-8e08-ada646adc353,229,HEO Jung Han,KR,1/8 FINAL TOURNAMENT,6,1,1
e8e9634d-7f81-429c-8e08-ada646adc353,231,TASDEMIR Tayfun,TR,1/16 MAIN TOURNAMENT,5,3,3
e8e9634d-7f81-429c-8e08-ada646adc353,245,CEULEMANS Peter,BE,1/16 MAIN TOURNAMENT,5,3,3
e8e9634d-7f81-429c-8e08-ada646adc353,245,CEULEMANS Peter,BE,1/8 FINAL TOURNAMENT,6,2,2
e8e9634d-7f81-429c-8e08-ada646adc353,246,FORTHOMME Roland,BE,1/16 MAIN TOURNAMENT,5,1,1
e8e9634d-7f81-429c-8e08-ada646adc353,246,FORTHOMME Roland,BE,1/16 MAIN TOURNAMENT,5,2,2
e8e9634d-7f81-429c-8e08-ada646adc353,328,KARAKURT Omer,TR,Q,4,1,1
e8e9634d-7f81-429c-8e08-ada646adc353,328,KARAKURT Omer,TR,Q,4,1,1
e8e9634d-7f81-429c-8e08-ada646adc353,328,KARAKURT Omer,TR,1/16 MAIN TOURNAMENT,5,1,1
e8e9634d-7f81-429c-8e08-ada646adc353,328,KARAKURT Omer,TR,1/16 MAIN TOURNAMENT,5,2,2
e8e9634d-7f81-429c-8e08-ada646adc353,329,KARAKURT Berkay,TR,1/16 MAIN TOURNAMENT,5,1,1
e8e9634d-7f81-429c-8e08-ada646adc353,329,KARAKURT Berkay,TR,1/16 MAIN TOURNAMENT,5,2,2
e8e9634d-7f81-429c-8e08-ada646adc353,329,KARAKURT Berkay,TR,1/8 FINAL TOURNAMENT,6,1,1
e8e9634d-7f81-429c-8e08-ada646adc353,329,KARAKURT Berkay,TR,1/8 FINAL TOURNAMENT,6,2,2
e8e9634d-7f81-429c-8e08-ada646adc353,338,CHO Myung Woo,KR,1/16 MAIN TOURNAMENT,5,3,3
e8e9634d-7f81-429c-8e08-ada646adc353,338,CHO Myung Woo,KR,1/8 FINAL TOURNAMENT,6,3,3
e8e9634d-7f81-429c-8e08-ada646adc353,338,CHO Myung Woo,KR,1/8 FINAL TOURNAMENT,6,1,1
e8e9634d-7f81-429c-8e08-ada646adc353,342,HORN Martin,DE,1/16 MAIN TOURNAMENT,5,3,3
e8e9634d-7f81-429c-8e08-ada646adc353,343,SIDHOM Sameh,EG,1/16 MAIN TOURNAMENT,5,1,1
e8e9634d-7f81-429c-8e08-ada646adc353,343,SIDHOM Sameh,EG,1/16 MAIN TOURNAMENT,5,2,2
e8e9634d-7f81-429c-8e08-ada646adc353,343,SIDHOM Sameh,EG,1/8 FINAL TOURNAMENT,6,1,1
e8e9634d-7f81-429c-8e08-ada646adc353,349,JIMENEZ Sergio,ES,Q,4,2,2
e8e9634d-7f81-429c-8e08-ada646adc353,351,CATANO Huberney,CO,Q,4,1,1
e8e9634d-7f81-429c-8e08-ada646adc353,351,CATANO Huberney,CO,Q,4,1,1
e8e9634d-7f81-429c-8e08-ada646adc353,351,CATANO Huberney,CO,1/16 MAIN TOURNAMENT,5,3,3
e8e9634d-7f81-429c-8e08-ada646adc353,351,CATANO Huberney,CO,1/8 FINAL TOURNAMENT,6,1,1
e8e9634d-7f81-429c-8e08-ada646adc353,358,PHILIPOOM Jozef,BE,PPQ,2,1,1
e8e9634d-7f81-429c-8e08-ada646adc353,358,PHILIPOOM Jozef,BE,PPQ,2,1,1
e8e9634d-7f81-429c-8e08-ada646adc353,358,PHILIPOOM Jozef,BE,PQ,3,2,2
e8e9634d-7f81-429c-8e08-ada646adc353,369,UYMAZ Birol,TR,Q,4,2,2
e8e9634d-7f81-429c-8e08-ada646adc353,369,UYMAZ Birol,TR,1/16 MAIN TOURNAMENT,5,1,1
e8e9634d-7f81-429c-8e08-ada646adc353,369,UYMAZ Birol,TR,1/16 MAIN TOURNAMENT,5,2,2
e8e9634d-7f81-429c-8e08-ada646adc353,376,MAURER Claus,AT,PQ,3,2,2
e8e9634d-7f81-429c-8e08-ada646adc353,381,JETTEN Karina,NL,PPQ,2,2,2
e8e9634d-7f81-429c-8e08-ada646adc353,386,ORLANDO Francesco,IT,PPQ,2,1,1
e8e9634d-7f81-429c-8e08-ada646adc353,386,ORLANDO Francesco,IT,PPQ,2,1,1
e8e9634d-7f81-429c-8e08-ada646adc353,394,KIYOTA Atsushi,JP,PQ,3,1,1
e8e9634d-7f81-429c-8e08-ada646adc353,394,KIYOTA Atsushi,JP,PQ,3,1,1
e8e9634d-7f81-429c-8e08-ada646adc353,412,GOREN Mehmet,TR,PQ,3,2,2
e8e9634d-7f81-429c-8e08-ada646adc353,416,MAS José-Maria,ES,PPQ,2,2,2
e8e9634d-7f81-429c-8e08-ada646adc353,416,MAS José-Maria,ES,PQ,3,2,2
e8e9634d-7f81-429c-8e08-ada646adc353,416,MAS José-Maria,ES,Q,4,2,2
e8e9634d-7f81-429c-8e08-ada646adc353,418,KLOMPENHOUWER Therese,NL,PPPQ,1,1,1
e8e9634d-7f81-429c-8e08-ada646adc353,418,KLOMPENHOUWER Therese,NL,PPPQ,1,1,1
e8e9634d-7f81-429c-8e08-ada646adc353,418,KLOMPENHOUWER Therese,NL,PPQ,2,2,2
e8e9634d-7f81-429c-8e08-ada646adc353,422,SOUMAGNE Pierre,FR,PQ,3,2,2
e8e9634d-7f81-429c-8e08-ada646adc353,422,SOUMAGNE Pierre,FR,Q,4,1,1
e8e9634d-7f81-429c-8e08-ada646adc353,422,SOUMAGNE Pierre,FR,Q,4,1,1
e8e9634d-7f81-429c-8e08-ada646adc353,429,VAN Beers Barry,NL,PPPQ,1,2,2
e8e9634d-7f81-429c-8e08-ada646adc353,429,VAN Beers Barry,NL,PPQ,2,1,1
e8e9634d-7f81-429c-8e08-ada646adc353,429,VAN Beers Barry,NL,PPQ,2,1,1
e8e9634d-7f81-429c-8e08-ada646adc353,434,COSTA Rui Manuel,PT,Q,4,1,1
e8e9634d-7f81-429c-8e08-ada646adc353,434,COSTA Rui Manuel,PT,Q,4,1,1
e8e9634d-7f81-429c-8e08-ada646adc353,435,ALP Ahmet,TR,PQ,3,1,1
e8e9634d-7f81-429c-8e08-ada646adc353,435,ALP Ahmet,TR,PQ,3,1,1
e8e9634d-7f81-429c-8e08-ada646adc353,438,LEGAZPI Ruben,ES,Q,4,2,2
e8e9634d-7f81-429c-8e08-ada646adc353,438,LEGAZPI Ruben,ES,1/16 MAIN TOURNAMENT,5,3,3
e8e9634d-7f81-429c-8e08-ada646adc353,443,TRAN Quyet Chien,VN,1/16 MAIN TOURNAMENT,5,2,2
e8e9634d-7f81-429c-8e08-ada646adc353,443,TRAN Quyet Chien,VN,1/16 MAIN TOURNAMENT,5,1,1
e8e9634d-7f81-429c-8e08-ada646adc353,443,TRAN Quyet Chien,VN,1/8 FINAL TOURNAMENT,6,2,2
e8e9634d-7f81-429c-8e08-ada646adc353,488,FORTON Francis,BE,PPPQ,1,2,2
e8e9634d-7f81-429c-8e08-ada646adc353,489,VAN Havere Davy,BE,PPPQ,1,2,2
e8e9634d-7f81-429c-8e08-ada646adc353,489,VAN Havere Davy,BE,PPQ,2,2,2
e8e9634d-7f81-429c-8e08-ada646adc353,492,BROUX Thomas,BE,PPPQ,1,2,2
e8e9634d-7f81-429c-8e08-ada646adc353,493,DE Backer Peter,BE,PPPQ,1,1,1
e8e9634d-7f81-429c-8e08-ada646adc353,493,DE Backer Peter,BE,PPPQ,1,1,1
e8e9634d-7f81-429c-8e08-ada646adc353,493,DE Backer Peter,BE,PPQ,2,2,2
e8e9634d-7f81-429c-8e08-ada646adc353,493,DE Backer Peter,BE,PQ,3,2,2
e8e9634d-7f81-429c-8e08-ada646adc353,538,KIRAZ Tolgahan,TR,Q,4,2,2
e8e9634d-7f81-429c-8e08-ada646adc353,543,DE Bondt Andy,BE,PPPQ,1,1,1
e8e9634d-7f81-429c-8e08-ada646adc353,543,DE Bondt Andy,BE,PPPQ,1,1,1
e8e9634d-7f81-429c-8e08-ada646adc353,578,KIM Haeng Jik,KR,Q,4,2,2
e8e9634d-7f81-429c-8e08-ada646adc353,578,KIM Haeng Jik,KR,1/16 MAIN TOURNAMENT,5,2,2
e8e9634d-7f81-429c-8e08-ada646adc353,578,KIM Haeng Jik,KR,1/16 MAIN TOURNAMENT,5,1,1
e8e9634d-7f81-429c-8e08-ada646adc353,595,GARCIA Jose Juan,CO,PQ,3,2,2
e8e9634d-7f81-429c-8e08-ada646adc353,607,CHOI Wan Young ,KR,Q,4,2,2
e8e9634d-7f81-429c-8e08-ada646adc353,607,CHOI Wan Young ,KR,1/16 MAIN TOURNAMENT,5,1,1
e8e9634d-7f81-429c-8e08-ada646adc353,607,CHOI Wan Young ,KR,1/16 MAIN TOURNAMENT,5,2,2
e8e9634d-7f81-429c-8e08-ada646adc353,1507,TRAN Thanh Luc,VN,1/16 MAIN TOURNAMENT,5,3,3
e8e9634d-7f81-429c-8e08-ada646adc353,1507,TRAN Thanh Luc,VN,1/8 FINAL TOURNAMENT,6,1,1
e8e9634d-7f81-429c-8e08-ada646adc353,1508,THAI Hong Chiem,VN,1/16 MAIN TOURNAMENT,5,3,3
e8e9634d-7f81-429c-8e08-ada646adc353,1508,THAI Hong Chiem,VN,1/8 FINAL TOURNAMENT,6,1,1
e8e9634d-7f81-429c-8e08-ada646adc353,1509,LOWE Tom,DE,PQ,3,2,2
e8e9634d-7f81-429c-8e08-ada646adc353,1510,DEVOGELAERE Mikael,FR,Q,4,1,1
e8e9634d-7f81-429c-8e08-ada646adc353,1510,DEVOGELAERE Mikael,FR,Q,4,1,1
e8e9634d-7f81-429c-8e08-ada646adc353,1510,DEVOGELAERE Mikael,FR,1/16 MAIN TOURNAMENT,5,3,3
e8e9634d-7f81-429c-8e08-ada646adc353,1513,BRANTS Ronny,BE,PPQ,2,1,1
e8e9634d-7f81-429c-8e08-ada646adc353,1513,BRANTS Ronny,BE,PPQ,2,1,1
e8e9634d-7f81-429c-8e08-ada646adc353,1513,BRANTS Ronny,BE,PQ,3,2,2
e8e9634d-7f81-429c-8e08-ada646adc353,1522,BAO Phuong Vinh,VN,Q,4,2,2
e8e9634d-7f81-429c-8e08-ada646adc353,1522,BAO Phuong Vinh,VN,1/16 MAIN TOURNAMENT,5,2,2
e8e9634d-7f81-429c-8e08-ada646adc353,1522,BAO Phuong Vinh,VN,1/16 MAIN TOURNAMENT,5,1,1
e8e9634d-7f81-429c-8e08-ada646adc353,1522,BAO Phuong Vinh,VN,1/8 FINAL TOURNAMENT,6,2,2
e8e9634d-7f81-429c-8e08-ada646adc353,1522,BAO Phuong Vinh,VN,1/8 FINAL TOURNAMENT,6,1,1
e8e9634d-7f81-429c-8e08-ada646adc353,1526,CEULEMANS Bart,BE,PPQ,2,1,1
e8e9634d-7f81-429c-8e08-ada646adc353,1526,CEULEMANS Bart,BE,PPQ,2,1,1
e8e9634d-7f81-429c-8e08-ada646adc353,1526,CEULEMANS Bart,BE,PQ,3,2,2
e8e9634d-7f81-429c-8e08-ada646adc353,1532,KAHOFER Arnim,AT,Q,4,2,2
e8e9634d-7f81-429c-8e08-ada646adc353,1536,HOFMAN Glenn,NL,1/16 MAIN TOURNAMENT,5,1,1
e8e9634d-7f81-429c-8e08-ada646adc353,1536,HOFMAN Glenn,NL,1/16 MAIN TOURNAMENT,5,2,2
e8e9634d-7f81-429c-8e08-ada646adc353,1536,HOFMAN Glenn,NL,1/8 FINAL TOURNAMENT,6,2,2
e8e9634d-7f81-429c-8e08-ada646adc353,1537,CHA Myeong Jong,KR,Q,4,1,1
e8e9634d-7f81-429c-8e08-ada646adc353,1537,CHA Myeong Jong,KR,Q,4,1,1
e8e9634d-7f81-429c-8e08-ada646adc353,1537,CHA Myeong Jong,KR,1/16 MAIN TOURNAMENT,5,2,2
e8e9634d-7f81-429c-8e08-ada646adc353,1537,CHA Myeong Jong,KR,1/16 MAIN TOURNAMENT,5,1,1
e8e9634d-7f81-429c-8e08-ada646adc353,1539,HWANG Bong Joo,KR,Q,4,2,2
e8e9634d-7f81-429c-8e08-ada646adc353,1539,HWANG Bong Joo,KR,1/16 MAIN TOURNAMENT,5,3,3
e8e9634d-7f81-429c-8e08-ada646adc353,1540,JORISSEN Jeffrey,NL,PQ,3,2,2
e8e9634d-7f81-429c-8e08-ada646adc353,1540,JORISSEN Jeffrey,NL,Q,4,2,2
e8e9634d-7f81-429c-8e08-ada646adc353,1541,ORAK Turgay,TR,PQ,3,2,2
e8e9634d-7f81-429c-8e08-ada646adc353,1542,KOSTISTANSKY Gerhard,AT,PQ,3,2,2
e8e9634d-7f81-429c-8e08-ada646adc353,1542,KOSTISTANSKY Gerhard,AT,Q,4,2,2
e8e9634d-7f81-429c-8e08-ada646adc353,1543,VAN Etten Sam,NL,PQ,3,1,1
e8e9634d-7f81-429c-8e08-ada646adc353,1543,VAN Etten Sam,NL,PQ,3,1,1
e8e9634d-7f81-429c-8e08-ada646adc353,1543,VAN Etten Sam,NL,Q,4,2,2
e8e9634d-7f81-429c-8e08-ada646adc353,1544,KANG Ja In,KR,Q,4,1,1
e8e9634d-7f81-429c-8e08-ada646adc353,1544,KANG Ja In,KR,Q,4,1,1
e8e9634d-7f81-429c-8e08-ada646adc353,1545,VASSEUR Kevin,FR,PQ,3,1,1
e8e9634d-7f81-429c-8e08-ada646adc353,1545,VASSEUR Kevin,FR,PQ,3,1,1
e8e9634d-7f81-429c-8e08-ada646adc353,1546,YAVUZ Tarik,TR,PQ,3,1,1
e8e9634d-7f81-429c-8e08-ada646adc353,1546,YAVUZ Tarik,TR,PQ,3,1,1
e8e9634d-7f81-429c-8e08-ada646adc353,1546,YAVUZ Tarik,TR,Q,4,2,2
e8e9634d-7f81-429c-8e08-ada646adc353,1548,WILKOWSKI Huub,NL,PQ,3,2,2
e8e9634d-7f81-429c-8e08-ada646adc353,1549,STAMM Lukas,DE,PQ,3,2,2
e8e9634d-7f81-429c-8e08-ada646adc353,1550,SAEIJS Alain,BE,PQ,3,1,1
e8e9634d-7f81-429c-8e08-ada646adc353,1550,SAEIJS Alain,BE,PQ,3,1,1
e8e9634d-7f81-429c-8e08-ada646adc353,1551,RAHMET Muammer,TR,PQ,3,2,2
e8e9634d-7f81-429c-8e08-ada646adc353,1551,RAHMET Muammer,TR,Q,4,2,2
e8e9634d-7f81-429c-8e08-ada646adc353,1552,BAS Serdal,TR,PQ,3,1,1
e8e9634d-7f81-429c-8e08-ada646adc353,1552,BAS Serdal,TR,PQ,3,1,1
e8e9634d-7f81-429c-8e08-ada646adc353,1553,KORKMAZ Fatih,TR,PPQ,2,1,1
e8e9634d-7f81-429c-8e08-ada646adc353,1553,KORKMAZ Fatih,TR,PPQ,2,1,1
e8e9634d-7f81-429c-8e08-ada646adc353,1554,CETIN Volkan,NL,PQ,3,2,2
e8e9634d-7f81-429c-8e08-ada646adc353,1558,BROUWERS Reggy,NL,PQ,3,1,1
e8e9634d-7f81-429c-8e08-ada646adc353,1558,BROUWERS Reggy,NL,PQ,3,1,1
e8e9634d-7f81-429c-8e08-ada646adc353,1559,PANAIA Maxime,FR,PQ,3,2,2
e8e9634d-7f81-429c-8e08-ada646adc353,1561,GULBAY Ali,TR,PPQ,2,2,2
e8e9634d-7f81-429c-8e08-ada646adc353,1562,MOULOS Vangelis,GR,PQ,3,1,1
e8e9634d-7f81-429c-8e08-ada646adc353,1562,MOULOS Vangelis,GR,PQ,3,1,1
e8e9634d-7f81-429c-8e08-ada646adc353,1564,MINAOGLU Manolis,TR,PPQ,2,2,2
e8e9634d-7f81-429c-8e08-ada646adc353,1566,PENNOR David,SE,PPQ,2,1,1
e8e9634d-7f81-429c-8e08-ada646adc353,1566,PENNOR David,SE,PPQ,2,1,1
e8e9634d-7f81-429c-8e08-ada646adc353,1567,ESEN Ismet,TR,PQ,3,1,1
e8e9634d-7f81-429c-8e08-ada646adc353,1567,ESEN Ismet,TR,PQ,3,1,1
e8e9634d-7f81-429c-8e08-ada646adc353,1570,BOUERDICK Tobias,DE,PQ,3,1,1
e8e9634d-7f81-429c-8e08-ada646adc353,1570,BOUERDICK Tobias,DE,PQ,3,1,1
e8e9634d-7f81-429c-8e08-ada646adc353,1572,SABANCI Baris,TR,PPQ,2,2,2
e8e9634d-7f81-429c-8e08-ada646adc353,1574,ULUDAGLILAR Gokhan,TR,PPQ,2,1,1
e8e9634d-7f81-429c-8e08-ada646adc353,1574,ULUDAGLILAR Gokhan,TR,PPQ,2,1,1
e8e9634d-7f81-429c-8e08-ada646adc353,1574,ULUDAGLILAR Gokhan,TR,PQ,3,2,2
e8e9634d-7f81-429c-8e08-ada646adc353,1578,LONG Nguyen Chi,VN,PQ,3,2,2
e8e9634d-7f81-429c-8e08-ada646adc353,1578,LONG Nguyen Chi,VN,Q,4,1,1
e8e9634d-7f81-429c-8e08-ada646adc353,1578,LONG Nguyen Chi,VN,Q,4,1,1
e8e9634d-7f81-429c-8e08-ada646adc353,1580,LATORRE Christian,CO,PPPQ,1,1,1
e8e9634d-7f81-429c-8e08-ada646adc353,1580,LATORRE Christian,CO,PPPQ,1,1,1
e8e9634d-7f81-429c-8e08-ada646adc353,1585,SZIVACZ Herbert,AT,PQ,3,1,1
e8e9634d-7f81-429c-8e08-ada646adc353,1585,SZIVACZ Herbert,AT,PQ,3,1,1
e8e9634d-7f81-429c-8e08-ada646adc353,1585,SZIVACZ Herbert,AT,Q,4,1,1
e8e9634d-7f81-429c-8e08-ada646adc353,1585,SZIVACZ Herbert,AT,Q,4,1,1
e8e9634d-7f81-429c-8e08-ada646adc353,1587,PINARD Patrice,FR,PPQ,2,2,2
e8e9634d-7f81-429c-8e08-ada646adc353,1588,ΜΑΥΡΙΔΟΓΛΟΥ Λίτσα,GR,PQ,3,1,1
e8e9634d-7f81-429c-8e08-ada646adc353,1588,ΜΑΥΡΙΔΟΓΛΟΥ Λίτσα,GR,PQ,3,1,1
e8e9634d-7f81-429c-8e08-ada646adc353,1589,MORALES Marcos,ES,PPQ,2,2,2
e8e9634d-7f81-429c-8e08-ada646adc353,1589,MORALES Marcos,ES,PQ,3,2,2
e8e9634d-7f81-429c-8e08-ada646adc353,1595,CIN Aygun,DE,PPQ,2,2,2
e8e9634d-7f81-429c-8e08-ada646adc353,1596,KAPUSIZ Ufuk,TR,PQ,3,2,2
e8e9634d-7f81-429c-8e08-ada646adc353,1599,CELIK Hakan,DE,PPQ,2,2,2
e8e9634d-7f81-429c-8e08-ada646adc353,1609,KRISTIANSEN Daniel,DK,PPQ,2,1,1
e8e9634d-7f81-429c-8e08-ada646adc353,1609,KRISTIANSEN Daniel,DK,PPQ,2,1,1
e8e9634d-7f81-429c-8e08-ada646adc353,1613,DERRADJI Samir,FR,PPQ,2,1,1
e8e9634d-7f81-429c-8e08-ada646adc353,1613,DERRADJI Samir,FR,PPQ,2,1,1
e8e9634d-7f81-429c-8e08-ada646adc353,1614,DURIEZ Nathan,FR,PPQ,2,1,1
e8e9634d-7f81-429c-8e08-ada646adc353,1614,DURIEZ Nathan,FR,PPQ,2,1,1
e8e9634d-7f81-429c-8e08-ada646adc353,1619,CRESPO Carlos,ES,PPQ,2,2,2
e8e9634d-7f81-429c-8e08-ada646adc353,1619,CRESPO Carlos,ES,PQ,3,2,2
e8e9634d-7f81-429c-8e08-ada646adc353,1619,CRESPO Carlos,ES,Q,4,2,2
e8e9634d-7f81-429c-8e08-ada646adc353,1627,BULUT Recep,TR,PPPQ,1,2,2
e8e9634d-7f81-429c-8e08-ada646adc353,1650,MELNYTSCHENKO Cedric,FR,PPQ,2,1,1
e8e9634d-7f81-429c-8e08-ada646adc353,1650,MELNYTSCHENKO Cedric,FR,PPQ,2,1,1
e8e9634d-7f81-429c-8e08-ada646adc353,1652,BLAUWBLOMME Henk,BE,PPPQ,1,2,2
e8e9634d-7f81-429c-8e08-ada646adc353,1653,WILKOWSKI Joeri,NL,PPPQ,1,1,1
e8e9634d-7f81-429c-8e08-ada646adc353,1653,WILKOWSKI Joeri,NL,PPPQ,1,1,1
e8e9634d-7f81-429c-8e08-ada646adc353,1654,HABY Jean,FR,PPPQ,1,1,1
e8e9634d-7f81-429c-8e08-ada646adc353,1654,HABY Jean,FR,PPPQ,1,1,1
e8e9634d-7f81-429c-8e08-ada646adc353,1654,HABY Jean,FR,PPQ,2,2,2
e8e9634d-7f81-429c-8e08-ada646adc353,1968,DE Bruijn Jean-Paul,NL,Q,4,1,1
e8e9634d-7f81-429c-8e08-ada646adc353,1968,DE Bruijn Jean-Paul,NL,Q,4,1,1
e8e9634d-7f81-429c-8e08-ada646adc353,2026,VAN Hees Stef,BE,PPPQ,1,2,2
e8e9634d-7f81-429c-8e08-ada646adc353,2045,DURIEZ Tangui,FR,PPPQ,1,2,2
e8e9634d-7f81-429c-8e08-ada646adc353,2045,DURIEZ Tangui,FR,PPQ,2,2,2
e8e9634d-7f81-429c-8e08-ada646adc353,2051,LEGENDRE Nathan,FR,PPPQ,1,2,2
e8e9634d-7f81-429c-8e08-ada646adc353,2492,IDE Jakob,DE,PPPQ,1,2,2
e8e9634d-7f81-429c-8e08-ada646adc353,2852,CERKEZ Ataberk,TR,PPPQ,1,1,1
e8e9634d-7f81-429c-8e08-ada646adc353,2852,CERKEZ Ataberk,TR,PPPQ,1,1,1
e8e9634d-7f81-429c-8e08-ada646adc353,2852,CERKEZ Ataberk,TR,PPQ,2,2,2
e8e9634d-7f81-429c-8e08-ada646adc353,2866,EGERT Lucas,DE,PPQ,2,1,1
e8e9634d-7f81-429c-8e08-ada646adc353,2866,EGERT Lucas,DE,PPQ,2,1,1
e8e9634d-7f81-429c-8e08-ada646adc353,2895,BOLLANSEE Toon,BE,PPPQ,1,2,2
e8e9634d-7f81-429c-8e08-ada646adc353,3009,WALLERAND Paul,BE,PPPQ,1,1,1
e8e9634d-7f81-429c-8e08-ada646adc353,3009,WALLERAND Paul,BE,PPPQ,1,1,1
e8e9634d-7f81-429c-8e08-ada646adc353,3009,WALLERAND Paul,BE,PPQ,2,2,2
e8e9634d-7f81-429c-8e08-ada646adc353,3070,IBRAIMOV Amir,DE,PQ,3,1,1
e8e9634d-7f81-429c-8e08-ada646adc353,3070,IBRAIMOV Amir,DE,PQ,3,1,1
e8e9634d-7f81-429c-8e08-ada646adc353,3164,WEISS Alexander,AT,PPPQ,1,2,2
e8e9634d-7f81-429c-8e08-ada646adc353,3360,GROOT Raymon,US,PPQ,2,2,2
e8e9634d-7f81-429c-8e08-ada646adc353,3371,PHAM Quoc Thuan,VN,PPQ,2,2,2
e8e9634d-7f81-429c-8e08-ada646adc353,3382,KIM Do Hyeon,KR,Q,4,1,1
e8e9634d-7f81-429c-8e08-ada646adc353,3382,KIM Do Hyeon,KR,Q,4,1,1
e8e9634d-7f81-429c-8e08-ada646adc353,3398,GUNAYDIN Fahri,TR,PPQ,2,2,2
e8e9634d-7f81-429c-8e08-ada646adc353,3430,AYMAN Mahmoud,EG,PQ,3,1,1
e8e9634d-7f81-429c-8e08-ada646adc353,3430,AYMAN Mahmoud,EG,PQ,3,1,1
e8e9634d-7f81-429c-8e08-ada646adc353,3432,COENEN Philip,BE,PPPQ,1,1,1
e8e9634d-7f81-429c-8e08-ada646adc353,3432,COENEN Philip,BE,PPPQ,1,1,1
e8e9634d-7f81-429c-8e08-ada646adc353,3438,YANG Seungmo,KR,PPQ,2,1,1
e8e9634d-7f81-429c-8e08-ada646adc353,3438,YANG Seungmo,KR,PPQ,2,1,1
e8e9634d-7f81-429c-8e08-ada646adc353,3441,AKYOL Vedat,TR,PPQ,2,2,2
e8e9634d-7f81-429c-8e08-ada646adc353,3446,PRASSAS Konstantinos,GR,PPPQ,1,1,1
e8e9634d-7f81-429c-8e08-ada646adc353,3446,PRASSAS Konstantinos,GR,PPPQ,1,1,1
e8e9634d-7f81-429c-8e08-ada646adc353,3446,PRASSAS Konstantinos,GR,PPQ,2,2,2
e8e9634d-7f81-429c-8e08-ada646adc353,3446,PRASSAS Konstantinos,GR,PQ,3,2,2
e8e9634d-7f81-429c-8e08-ada646adc353,3467,SON JUN Hyuk,KR,PPQ,2,1,1
e8e9634d-7f81-429c-8e08-ada646adc353,3467,SON JUN Hyuk,KR,PPQ,2,1,1
e8e9634d-7f81-429c-8e08-ada646adc353,3467,SON JUN Hyuk,KR,PQ,3,2,2
e8e9634d-7f81-429c-8e08-ada646adc353,3478,DEMIR Ilhan,TR,PPPQ,1,2,2
e8e9634d-7f81-429c-8e08-ada646adc353,3503,KIM Ha Eun,KR,PPQ,2,2,2
e8e9634d-7f81-429c-8e08-ada646adc353,3521,BOUTET Dany,BE,PPPQ,1,1,1
e8e9634d-7f81-429c-8e08-ada646adc353,3521,BOUTET Dany,BE,PPPQ,1,1,1
e8e9634d-7f81-429c-8e08-ada646adc353,3521,BOUTET Dany,BE,PPQ,2,2,2
e8e9634d-7f81-429c-8e08-ada646adc353,3526,VANDENDRIESSCHE Philippe,BE,PPPQ,1,1,1
e8e9634d-7f81-429c-8e08-ada646adc353,3526,VANDENDRIESSCHE Philippe,BE,PPPQ,1,1,1
e8e9634d-7f81-429c-8e08-ada646adc353,3527,WEEREMANS Dirk,BE,PPPQ,1,1,1
e8e9634d-7f81-429c-8e08-ada646adc353,3527,WEEREMANS Dirk,BE,PPPQ,1,1,1
e8e9634d-7f81-429c-8e08-ada646adc353,3528,WUYTS Danny,BE,PPPQ,1,2,2
e8e9634d-7f81-429c-8e08-ada646adc353,3529,YILDIZ Cenk,TR,PPPQ,1,2,2
e8e9634d-7f81-429c-8e08-ada646adc353,3529,YILDIZ Cenk,TR,PPQ,2,2,2
e8e9634d-7f81-429c-8e08-ada646adc353,3529,YILDIZ Cenk,TR,PQ,3,2,2
e8e9634d-7f81-429c-8e08-ada646adc353,3529,YILDIZ Cenk,TR,Q,4,2,2
e8e9634d-7f81-429c-8e08-ada646adc353,3542,ROESTEL Norbert,DE,PPQ,2,1,1
e8e9634d-7f81-429c-8e08-ada646adc353,3542,ROESTEL Norbert,DE,PPQ,2,1,1
e8e9634d-7f81-429c-8e08-ada646adc353,3557,NGUYEN Dinh Quoc,VN,PPQ,2,2,2
e8e9634d-7f81-429c-8e08-ada646adc353,3557,NGUYEN Dinh Quoc,VN,PQ,3,2,2
e8e9634d-7f81-429c-8e08-ada646adc353,3557,NGUYEN Dinh Quoc,VN,Q,4,2,2
e8e9634d-7f81-429c-8e08-ada646adc353,3557,NGUYEN Dinh Quoc,VN,1/16 MAIN TOURNAMENT,5,1,1
e8e9634d-7f81-429c-8e08-ada646adc353,3557,NGUYEN Dinh Quoc,VN,1/16 MAIN TOURNAMENT,5,2,2
e8e9634d-7f81-429c-8e08-ada646adc353,3578,CAVUSOGLU Muhammed,TR,PPPQ,1,2,2
e8e9634d-7f81-429c-8e08-ada646adc353,3614,JEONG YE SUNG,KR,PPPQ,1,2,2
e8e9634d-7f81-429c-8e08-ada646adc353,3614,JEONG YE SUNG,KR,PPQ,2,2,2
e8e9634d-7f81-429c-8e08-ada646adc353,3614,JEONG YE SUNG,KR,PQ,3,2,2
e8e9634d-7f81-429c-8e08-ada646adc353,3614,JEONG YE SUNG,KR,Q,4,1,1
e8e9634d-7f81-429c-8e08-ada646adc353,3614,JEONG YE SUNG,KR,Q,4,1,1
e8e9634d-7f81-429c-8e08-ada646adc353,3614,JEONG YE SUNG,KR,1/16 MAIN TOURNAMENT,5,3,3
e8e9634d-7f81-429c-8e08-ada646adc353,3635,SOUSA Manuel,PT,PPPQ,1,2,2
e8e9634d-7f81-429c-8e08-ada646adc353,3662,PARK Su Yeong,KR,PPPQ,1,2,2
e8e9634d-7f81-429c-8e08-ada646adc353,3662,PARK Su Yeong,KR,PPQ,2,2,2
e8e9634d-7f81-429c-8e08-ada646adc353,3662,PARK Su Yeong,KR,PQ,3,2,2
e8e9634d-7f81-429c-8e08-ada646adc353,3662,PARK Su Yeong,KR,Q,4,2,2
e8e9634d-7f81-429c-8e08-ada646adc353,3687,VAN PEER Jack,NL,PPPQ,1,1,1
e8e9634d-7f81-429c-8e08-ada646adc353,3687,VAN PEER Jack,NL,PPPQ,1,1,1
e8e9634d-7f81-429c-8e08-ada646adc353,3713,NEBUDA Dominik,AT,PPPQ,1,2,2
e8e9634d-7f81-429c-8e08-ada646adc353,3741,IBRAIMOV Bajram,DE,PPPQ,1,2,2
e8e9634d-7f81-429c-8e08-ada646adc353,3741,IBRAIMOV Bajram,DE,PPQ,2,2,2
e8e9634d-7f81-429c-8e08-ada646adc353,3744,TEIXEIRA Rui,PT,PPPQ,1,1,1
e8e9634d-7f81-429c-8e08-ada646adc353,3744,TEIXEIRA Rui,PT,PPPQ,1,1,1
e8e9634d-7f81-429c-8e08-ada646adc353,3754,CHRISTOFORIDIS Nikolaos,GR,PPPQ,1,2,2
e8e9634d-7f81-429c-8e08-ada646adc353,3754,CHRISTOFORIDIS Nikolaos,GR,PPQ,2,2,2
e8e9634d-7f81-429c-8e08-ada646adc353,3754,CHRISTOFORIDIS Nikolaos,GR,PQ,3,2,2
e8e9634d-7f81-429c-8e08-ada646adc353,3754,CHRISTOFORIDIS Nikolaos,GR,Q,4,2,2
e8e9634d-7f81-429c-8e08-ada646adc353,3904,FRAZAO Vitor,PT,PPPQ,1,1,1
e8e9634d-7f81-429c-8e08-ada646adc353,3904,FRAZAO Vitor,PT,PPPQ,1,1,1
e8e9634d-7f81-429c-8e08-ada646adc353,4135,JANSSEN Marco,BE,PPPQ,1,2,2
e8e9634d-7f81-429c-8e08-ada646adc353,4135,JANSSEN Marco,BE,PPQ,2,2,2
e8e9634d-7f81-429c-8e08-ada646adc353,4141,SAVER Koen,BE,PPPQ,1,2,2
e8e9634d-7f81-429c-8e08-ada646adc353,4542,OZBAY Mustafa,TR,PPPQ,1,2,2
e8e9634d-7f81-429c-8e08-ada646adc353,4589,CC SALMAN Gokhan,TR,Q,4,2,2
e8e9634d-7f81-429c-8e08-ada646adc353,4589,CC SALMAN Gokhan,TR,1/16 MAIN TOURNAMENT,5,1,1
e8e9634d-7f81-429c-8e08-ada646adc353,4589,CC SALMAN Gokhan,TR,1/16 MAIN TOURNAMENT,5,2,2
e8e9634d-7f81-429c-8e08-ada646adc353,4984,WITTENS Kees,NL,PPPQ,1,2,2
e8e9634d-7f81-429c-8e08-ada646adc353,4985,BUYLE Stany,FR,PPPQ,1,2,2
e8e9634d-7f81-429c-8e08-ada646adc353,5020,NAJJARI Amal,MA,PPPQ,1,2,2
e8e9634d-7f81-429c-8e08-ada646adc353,5021,FAKHOURY Salim,LB,PPPQ,1,2,2
e8e9634d-7f81-429c-8e08-ada646adc353,5022,DE RUYTE Tom,BE,PPPQ,1,2,2
ec9b5e40-0264-4647-950e-d50edf88cb65,79,ΚΟΚΚΟΡΗΣ Κωνσταντινος,GR,Pre-Pre-Pre-Qual,1,2,2
ec9b5e40-0264-4647-950e-d50edf88cb65,135,PEKER Muharrem,TR,Pre-Pre-Qual,2,1,1
ec9b5e40-0264-4647-950e-d50edf88cb65,135,PEKER Muharrem,TR,Pre-Pre-Qual,2,1,1
ec9b5e40-0264-4647-950e-d50edf88cb65,142,ΠΟΛΥΧΡΟΝΟΠΟΥΛΟΣ Νικολαος,GR,Qual,4,2,2
ec9b5e40-0264-4647-950e-d50edf88cb65,142,ΠΟΛΥΧΡΟΝΟΠΟΥΛΟΣ Νικολαος,GR,Rank 16,5,3,3
ec9b5e40-0264-4647-950e-d50edf88cb65,151,ΣΕΛΕΒΕΝΤΑΣ Δημητριος,GR,Pre-Qual,3,1,1
ec9b5e40-0264-4647-950e-d50edf88cb65,151,ΣΕΛΕΒΕΝΤΑΣ Δημητριος,GR,Pre-Qual,3,1,1
ec9b5e40-0264-4647-950e-d50edf88cb65,151,ΣΕΛΕΒΕΝΤΑΣ Δημητριος,GR,Qual,4,2,2
ec9b5e40-0264-4647-950e-d50edf88cb65,212,BLOMDAHL Torbjörn,SE,Qual,4,2,2
ec9b5e40-0264-4647-950e-d50edf88cb65,212,BLOMDAHL Torbjörn,SE,Rank 16,5,1,1
ec9b5e40-0264-4647-950e-d50edf88cb65,212,BLOMDAHL Torbjörn,SE,Rank 16,5,2,2
ec9b5e40-0264-4647-950e-d50edf88cb65,213,CAUDRON Frederic,BE,Rank 16,5,1,1
ec9b5e40-0264-4647-950e-d50edf88cb65,213,CAUDRON Frederic,BE,Rank 16,5,2,2
ec9b5e40-0264-4647-950e-d50edf88cb65,213,CAUDRON Frederic,BE,Main Tournament - Rank 8,6,1,1
ec9b5e40-0264-4647-950e-d50edf88cb65,214,BURY Jeremy,FR,Rank 16,5,2,2
ec9b5e40-0264-4647-950e-d50edf88cb65,214,BURY Jeremy,FR,Rank 16,5,1,1
ec9b5e40-0264-4647-950e-d50edf88cb65,215,ZANETTI Marco,IT,Rank 16,5,3,3
ec9b5e40-0264-4647-950e-d50edf88cb65,215,ZANETTI Marco,IT,Main Tournament - Rank 8,6,1,1
ec9b5e40-0264-4647-950e-d50edf88cb65,216,MERCKX Eddy,BE,Rank 16,5,3,3
ec9b5e40-0264-4647-950e-d50edf88cb65,218,JASPERS Dick,NL,Rank 16,5,3,3
ec9b5e40-0264-4647-950e-d50edf88cb65,229,HEO Jung Han,KR,Rank 16,5,3,3
ec9b5e40-0264-4647-950e-d50edf88cb65,231,TASDEMIR Tayfun,TR,Rank 16,5,3,3
ec9b5e40-0264-4647-950e-d50edf88cb65,231,TASDEMIR Tayfun,TR,Main Tournament - Rank 8,6,4,4
ec9b5e40-0264-4647-950e-d50edf88cb65,240,DE Bruijn Jean Paul,NL,Pre-Qual,3,2,2
ec9b5e40-0264-4647-950e-d50edf88cb65,240,DE Bruijn Jean Paul,NL,Qual,4,2,2
ec9b5e40-0264-4647-950e-d50edf88cb65,243,NADY Riad,EG,Pre-Qual,3,1,1
ec9b5e40-0264-4647-950e-d50edf88cb65,243,NADY Riad,EG,Pre-Qual,3,1,1
ec9b5e40-0264-4647-950e-d50edf88cb65,245,CEULEMANS Peter,BE,Rank 16,5,2,2
ec9b5e40-0264-4647-950e-d50edf88cb65,245,CEULEMANS Peter,BE,Rank 16,5,1,1
ec9b5e40-0264-4647-950e-d50edf88cb65,245,CEULEMANS Peter,BE,Main Tournament - Rank 8,6,1,1
ec9b5e40-0264-4647-950e-d50edf88cb65,246,FORTHOMME Roland,BE,Rank 16,5,3,3
ec9b5e40-0264-4647-950e-d50edf88cb65,328,KARAKURT Omer,TR,Qual,4,1,1
ec9b5e40-0264-4647-950e-d50edf88cb65,328,KARAKURT Omer,TR,Qual,4,1,1
ec9b5e40-0264-4647-950e-d50edf88cb65,328,KARAKURT Omer,TR,Rank 16,5,3,3
ec9b5e40-0264-4647-950e-d50edf88cb65,329,KARAKURT Berkay,TR,Rank 16,5,2,2
ec9b5e40-0264-4647-950e-d50edf88cb65,329,KARAKURT Berkay,TR,Rank 16,5,1,1
ec9b5e40-0264-4647-950e-d50edf88cb65,338,CHO Myung Woo,KR,Rank 16,5,3,3
ec9b5e40-0264-4647-950e-d50edf88cb65,338,CHO Myung Woo,KR,Main Tournament - Rank 8,6,1,1
ec9b5e40-0264-4647-950e-d50edf88cb65,338,CHO Myung Woo,KR,Main Tournament - Rank 8,6,1,1
ec9b5e40-0264-4647-950e-d50edf88cb65,342,HORN Martin,DE,Rank 16,5,2,2
ec9b5e40-0264-4647-950e-d50edf88cb65,342,HORN Martin,DE,Rank 16,5,1,1
ec9b5e40-0264-4647-950e-d50edf88cb65,342,HORN Martin,DE,Main Tournament - Rank 8,6,2,2
ec9b5e40-0264-4647-950e-d50edf88cb65,342,HORN Martin,DE,Main Tournament - Rank 8,6,2,2
ec9b5e40-0264-4647-950e-d50edf88cb65,343,SIDHOM Sameh,EG,Rank 16,5,2,2
ec9b5e40-0264-4647-950e-d50edf88cb65,343,SIDHOM Sameh,EG,Rank 16,5,1,1
ec9b5e40-0264-4647-950e-d50edf88cb65,343,SIDHOM Sameh,EG,Main Tournament - Rank 8,6,1,1
ec9b5e40-0264-4647-950e-d50edf88cb65,343,SIDHOM Sameh,EG,Main Tournament - Rank 8,6,1,1
ec9b5e40-0264-4647-950e-d50edf88cb65,349,JIMENEZ Sergio,ES,Qual,4,2,2
ec9b5e40-0264-4647-950e-d50edf88cb65,349,JIMENEZ Sergio,ES,Rank 16,5,3,3
ec9b5e40-0264-4647-950e-d50edf88cb65,350,PIEDRABUENA Pedro,US,Pre-Pre-Pre-Qual,1,1,1
ec9b5e40-0264-4647-950e-d50edf88cb65,350,PIEDRABUENA Pedro,US,Pre-Pre-Pre-Qual,1,1,1
ec9b5e40-0264-4647-950e-d50edf88cb65,350,PIEDRABUENA Pedro,US,Pre-Pre-Qual,2,2,2
ec9b5e40-0264-4647-950e-d50edf88cb65,351,CATANO Huberney,CO,Pre-Pre-Qual,2,1,1
ec9b5e40-0264-4647-950e-d50edf88cb65,351,CATANO Huberney,CO,Pre-Pre-Qual,2,1,1
ec9b5e40-0264-4647-950e-d50edf88cb65,351,CATANO Huberney,CO,Pre-Qual,3,2,2
ec9b5e40-0264-4647-950e-d50edf88cb65,351,CATANO Huberney,CO,Qual,4,2,2
ec9b5e40-0264-4647-950e-d50edf88cb65,351,CATANO Huberney,CO,Rank 16,5,1,1
ec9b5e40-0264-4647-950e-d50edf88cb65,351,CATANO Huberney,CO,Rank 16,5,2,2
ec9b5e40-0264-4647-950e-d50edf88cb65,351,CATANO Huberney,CO,Main Tournament - Rank 8,6,1,1
ec9b5e40-0264-4647-950e-d50edf88cb65,357,UMEDA Ryuuji,JP,Pre-Pre-Qual,2,2,2
ec9b5e40-0264-4647-950e-d50edf88cb65,358,PHILIPOOM Jozef,BE,Pre-Pre-Qual,2,1,1
ec9b5e40-0264-4647-950e-d50edf88cb65,358,PHILIPOOM Jozef,BE,Pre-Pre-Qual,2,1,1
ec9b5e40-0264-4647-950e-d50edf88cb65,369,UYMAZ Birol,TR,Pre-Qual,3,2,2
ec9b5e40-0264-4647-950e-d50edf88cb65,376,MAURER Claus,AT,Pre-Qual,3,1,1
ec9b5e40-0264-4647-950e-d50edf88cb65,376,MAURER Claus,AT,Pre-Qual,3,1,1
ec9b5e40-0264-4647-950e-d50edf88cb65,381,JETTEN Karina,NL,Pre-Pre-Qual,2,1,1
ec9b5e40-0264-4647-950e-d50edf88cb65,381,JETTEN Karina,NL,Pre-Pre-Qual,2,1,1
ec9b5e40-0264-4647-950e-d50edf88cb65,390,BASEGMEZ Emrullah,TR,Pre-Qual,3,1,1
ec9b5e40-0264-4647-950e-d50edf88cb65,390,BASEGMEZ Emrullah,TR,Pre-Qual,3,1,1
ec9b5e40-0264-4647-950e-d50edf88cb65,394,KIYOTA Atsushi,JP,Pre-Qual,3,2,2
ec9b5e40-0264-4647-950e-d50edf88cb65,410,SALMAN Gokhan,TR,Qual,4,2,2
ec9b5e40-0264-4647-950e-d50edf88cb65,410,SALMAN Gokhan,TR,Rank 16,5,2,2
ec9b5e40-0264-4647-950e-d50edf88cb65,410,SALMAN Gokhan,TR,Rank 16,5,1,1
ec9b5e40-0264-4647-950e-d50edf88cb65,410,SALMAN Gokhan,TR,Main Tournament - Rank 8,6,1,1
ec9b5e40-0264-4647-950e-d50edf88cb65,412,GOREN Mehmet,TR,Pre-Qual,3,2,2
ec9b5e40-0264-4647-950e-d50edf88cb65,418,KLOMPENHOUWER Therese,NL,Pre-Pre-Pre-Qual,1,1,1
ec9b5e40-0264-4647-950e-d50edf88cb65,418,KLOMPENHOUWER Therese,NL,Pre-Pre-Pre-Qual,1,1,1
ec9b5e40-0264-4647-950e-d50edf88cb65,422,SOUMAGNE Pierre,FR,Pre-Qual,3,2,2
ec9b5e40-0264-4647-950e-d50edf88cb65,434,COSTA Rui Manuel,PT,Qual,4,1,1
ec9b5e40-0264-4647-950e-d50edf88cb65,434,COSTA Rui Manuel,PT,Qual,4,1,1
ec9b5e40-0264-4647-950e-d50edf88cb65,435,ALP Ahmet,TR,Pre-Qual,3,2,2
ec9b5e40-0264-4647-950e-d50edf88cb65,438,LEGAZPI Ruben,ES,Qual,4,2,2
ec9b5e40-0264-4647-950e-d50edf88cb65,438,LEGAZPI Ruben,ES,Rank 16,5,3,3
ec9b5e40-0264-4647-950e-d50edf88cb65,438,LEGAZPI Ruben,ES,Main Tournament - Rank 8,6,1,1
ec9b5e40-0264-4647-950e-d50edf88cb65,438,LEGAZPI Ruben,ES,Main Tournament - Rank 8,6,1,1
ec9b5e40-0264-4647-950e-d50edf88cb65,443,TRAN Quyet Chien,VN,Rank 16,5,3,3
ec9b5e40-0264-4647-950e-d50edf88cb65,443,TRAN Quyet Chien,VN,Main Tournament - Rank 8,6,1,1
ec9b5e40-0264-4647-950e-d50edf88cb65,488,FORTON Francis,BE,Pre-Pre-Pre-Qual,1,1,1
ec9b5e40-0264-4647-950e-d50edf88cb65,488,FORTON Francis,BE,Pre-Pre-Pre-Qual,1,1,1
ec9b5e40-0264-4647-950e-d50edf88cb65,489,VAN Havere Davy,BE,Pre-Pre-Pre-Qual,1,2,2
ec9b5e40-0264-4647-950e-d50edf88cb65,492,BROUX Thomas,BE,Pre-Pre-Pre-Qual,1,2,2
ec9b5e40-0264-4647-950e-d50edf88cb65,493,DE Backer Peter,BE,Pre-Pre-Pre-Qual,1,2,2
ec9b5e40-0264-4647-950e-d50edf88cb65,493,DE Backer Peter,BE,Pre-Pre-Qual,2,2,2
ec9b5e40-0264-4647-950e-d50edf88cb65,493,DE Backer Peter,BE,Pre-Qual,3,2,2
ec9b5e40-0264-4647-950e-d50edf88cb65,493,DE Backer Peter,BE,Qual,4,2,2
ec9b5e40-0264-4647-950e-d50edf88cb65,495,VAN Acker Steven,BE,Pre-Pre-Pre-Qual,1,1,1
ec9b5e40-0264-4647-950e-d50edf88cb65,495,VAN Acker Steven,BE,Pre-Pre-Pre-Qual,1,1,1
ec9b5e40-0264-4647-950e-d50edf88cb65,495,VAN Acker Steven,BE,Pre-Pre-Qual,2,2,2
ec9b5e40-0264-4647-950e-d50edf88cb65,496,SPOORMANS Martin,BE,Pre-Pre-Pre-Qual,1,2,2
ec9b5e40-0264-4647-950e-d50edf88cb65,500,SILVA Fernando Manuel ,PT,Pre-Pre-Pre-Qual,1,2,2
ec9b5e40-0264-4647-950e-d50edf88cb65,510,SPRUZINA Frank,DE,Pre-Pre-Qual,2,2,2
ec9b5e40-0264-4647-950e-d50edf88cb65,538,KIRAZ Tolgahan,TR,Rank 16,5,2,2
ec9b5e40-0264-4647-950e-d50edf88cb65,538,KIRAZ Tolgahan,TR,Rank 16,5,1,1
ec9b5e40-0264-4647-950e-d50edf88cb65,543,DE Bondt Andy,BE,Pre-Pre-Pre-Qual,1,2,2
ec9b5e40-0264-4647-950e-d50edf88cb65,547,DE Kruijf Jordy,NL,Pre-Qual,3,1,1
ec9b5e40-0264-4647-950e-d50edf88cb65,547,DE Kruijf Jordy,NL,Pre-Qual,3,1,1
ec9b5e40-0264-4647-950e-d50edf88cb65,578,KIM Haeng Jik,KR,Rank 16,5,1,1
ec9b5e40-0264-4647-950e-d50edf88cb65,578,KIM Haeng Jik,KR,Rank 16,5,2,2
ec9b5e40-0264-4647-950e-d50edf88cb65,578,KIM Haeng Jik,KR,Main Tournament - Rank 8,6,1,1
ec9b5e40-0264-4647-950e-d50edf88cb65,578,KIM Haeng Jik,KR,Main Tournament - Rank 8,6,1,1
ec9b5e40-0264-4647-950e-d50edf88cb65,1507,TRAN Thanh Luc,VN,Rank 16,5,3,3
ec9b5e40-0264-4647-950e-d50edf88cb65,1508,THAI Hong Chiem,VN,Qual,4,2,2
ec9b5e40-0264-4647-950e-d50edf88cb65,1508,THAI Hong Chiem,VN,Rank 16,5,2,2
ec9b5e40-0264-4647-950e-d50edf88cb65,1508,THAI Hong Chiem,VN,Rank 16,5,1,1
ec9b5e40-0264-4647-950e-d50edf88cb65,1508,THAI Hong Chiem,VN,Main Tournament - Rank 8,6,1,1
ec9b5e40-0264-4647-950e-d50edf88cb65,1509,LOWE Tom,DE,Pre-Qual,3,1,1
ec9b5e40-0264-4647-950e-d50edf88cb65,1509,LOWE Tom,DE,Pre-Qual,3,1,1
ec9b5e40-0264-4647-950e-d50edf88cb65,1509,LOWE Tom,DE,Qual,4,1,1
ec9b5e40-0264-4647-950e-d50edf88cb65,1509,LOWE Tom,DE,Qual,4,1,1
ec9b5e40-0264-4647-950e-d50edf88cb65,1510,DEVOGELAERE Mikael,FR,Pre-Qual,3,2,2
ec9b5e40-0264-4647-950e-d50edf88cb65,1512,ANDERSEN Thomas,DK,Pre-Pre-Pre-Qual,1,1,1
ec9b5e40-0264-4647-950e-d50edf88cb65,1512,ANDERSEN Thomas,DK,Pre-Pre-Pre-Qual,1,1,1
ec9b5e40-0264-4647-950e-d50edf88cb65,1513,BRANTS Ronny,BE,Pre-Pre-Pre-Qual,1,1,1
ec9b5e40-0264-4647-950e-d50edf88cb65,1513,BRANTS Ronny,BE,Pre-Pre-Pre-Qual,1,1,1
ec9b5e40-0264-4647-950e-d50edf88cb65,1513,BRANTS Ronny,BE,Pre-Pre-Qual,2,2,2
ec9b5e40-0264-4647-950e-d50edf88cb65,1518,GONZALEZ Pedro,CO,Pre-Pre-Pre-Qual,1,2,2
ec9b5e40-0264-4647-950e-d50edf88cb65,1518,GONZALEZ Pedro,CO,Pre-Pre-Qual,2,2,2
ec9b5e40-0264-4647-950e-d50edf88cb65,1518,GONZALEZ Pedro,CO,Pre-Qual,3,2,2
ec9b5e40-0264-4647-950e-d50edf88cb65,1518,GONZALEZ Pedro,CO,Qual,4,2,2
ec9b5e40-0264-4647-950e-d50edf88cb65,1518,GONZALEZ Pedro,CO,Rank 16,5,3,3
ec9b5e40-0264-4647-950e-d50edf88cb65,1519,BAHAMONDES Luis,CL,Pre-Pre-Pre-Qual,1,2,2
ec9b5e40-0264-4647-950e-d50edf88cb65,1520,LEE Beom Yeol,KR,Pre-Pre-Pre-Qual,1,2,2
ec9b5e40-0264-4647-950e-d50edf88cb65,1520,LEE Beom Yeol,KR,Pre-Pre-Qual,2,2,2
ec9b5e40-0264-4647-950e-d50edf88cb65,1520,LEE Beom Yeol,KR,Pre-Qual,3,2,2
ec9b5e40-0264-4647-950e-d50edf88cb65,1520,LEE Beom Yeol,KR,Qual,4,1,1
ec9b5e40-0264-4647-950e-d50edf88cb65,1520,LEE Beom Yeol,KR,Qual,4,1,1
ec9b5e40-0264-4647-950e-d50edf88cb65,1521,NGUYEN Tran Thanh Tu,VN,Qual,4,2,2
ec9b5e40-0264-4647-950e-d50edf88cb65,1521,NGUYEN Tran Thanh Tu,VN,Rank 16,5,2,2
ec9b5e40-0264-4647-950e-d50edf88cb65,1521,NGUYEN Tran Thanh Tu,VN,Rank 16,5,1,1
ec9b5e40-0264-4647-950e-d50edf88cb65,1522,BAO Phuong Vinh,VN,Qual,4,2,2
ec9b5e40-0264-4647-950e-d50edf88cb65,1522,BAO Phuong Vinh,VN,Rank 16,5,2,2
ec9b5e40-0264-4647-950e-d50edf88cb65,1522,BAO Phuong Vinh,VN,Rank 16,5,1,1
ec9b5e40-0264-4647-950e-d50edf88cb65,1522,BAO Phuong Vinh,VN,Main Tournament - Rank 8,6,2,2
ec9b5e40-0264-4647-950e-d50edf88cb65,1522,BAO Phuong Vinh,VN,Main Tournament - Rank 8,6,1,1
ec9b5e40-0264-4647-950e-d50edf88cb65,1523,ABDIN Mohamed,EG,Pre-Pre-Qual,2,2,2
ec9b5e40-0264-4647-950e-d50edf88cb65,1526,CEULEMANS Bart,BE,Pre-Pre-Pre-Qual,1,1,1
ec9b5e40-0264-4647-950e-d50edf88cb65,1526,CEULEMANS Bart,BE,Pre-Pre-Pre-Qual,1,1,1
ec9b5e40-0264-4647-950e-d50edf88cb65,1532,KAHOFER Arnim,AT,Pre-Qual,3,2,2
ec9b5e40-0264-4647-950e-d50edf88cb65,1532,KAHOFER Arnim,AT,Qual,4,2,2
ec9b5e40-0264-4647-950e-d50edf88cb65,1533,SOARES Jose Miguel,PT,Pre-Qual,3,2,2
ec9b5e40-0264-4647-950e-d50edf88cb65,1537,CHA Myeong Jong,KR,Qual,4,1,1
ec9b5e40-0264-4647-950e-d50edf88cb65,1537,CHA Myeong Jong,KR,Qual,4,1,1
ec9b5e40-0264-4647-950e-d50edf88cb65,1537,CHA Myeong Jong,KR,Rank 16,5,2,2
ec9b5e40-0264-4647-950e-d50edf88cb65,1537,CHA Myeong Jong,KR,Rank 16,5,1,1
ec9b5e40-0264-4647-950e-d50edf88cb65,1538,SEO Chang Hoon,KR,Qual,4,1,1
ec9b5e40-0264-4647-950e-d50edf88cb65,1538,SEO Chang Hoon,KR,Qual,4,1,1
ec9b5e40-0264-4647-950e-d50edf88cb65,1539,HWANG Bong Joo,KR,Qual,4,2,2
ec9b5e40-0264-4647-950e-d50edf88cb65,1539,HWANG Bong Joo,KR,Rank 16,5,3,3
ec9b5e40-0264-4647-950e-d50edf88cb65,1539,HWANG Bong Joo,KR,Main Tournament - Rank 8,6,1,1
ec9b5e40-0264-4647-950e-d50edf88cb65,1540,JORISSEN Jeffrey,NL,Qual,4,1,1
ec9b5e40-0264-4647-950e-d50edf88cb65,1540,JORISSEN Jeffrey,NL,Qual,4,1,1
ec9b5e40-0264-4647-950e-d50edf88cb65,1541,ORAK Turgay,TR,Qual,4,2,2
ec9b5e40-0264-4647-950e-d50edf88cb65,1542,KOSTISTANSKY Gerhard,AT,Qual,4,1,1
ec9b5e40-0264-4647-950e-d50edf88cb65,1542,KOSTISTANSKY Gerhard,AT,Qual,4,1,1
ec9b5e40-0264-4647-950e-d50edf88cb65,1543,VAN Etten Sam,NL,Qual,4,1,1
ec9b5e40-0264-4647-950e-d50edf88cb65,1543,VAN Etten Sam,NL,Qual,4,1,1
ec9b5e40-0264-4647-950e-d50edf88cb65,1544,KANG Ja In,KR,Qual,4,2,2
ec9b5e40-0264-4647-950e-d50edf88cb65,1545,VASSEUR Kevin,FR,Pre-Qual,3,2,2
ec9b5e40-0264-4647-950e-d50edf88cb65,1546,YAVUZ Tarik,TR,Pre-Qual,3,2,2
ec9b5e40-0264-4647-950e-d50edf88cb65,1546,YAVUZ Tarik,TR,Qual,4,2,2
ec9b5e40-0264-4647-950e-d50edf88cb65,1547,DE Kok Joey,NL,Pre-Qual,3,1,1
ec9b5e40-0264-4647-950e-d50edf88cb65,1547,DE Kok Joey,NL,Pre-Qual,3,1,1
ec9b5e40-0264-4647-950e-d50edf88cb65,1548,WILKOWSKI Huub,NL,Pre-Qual,3,2,2
ec9b5e40-0264-4647-950e-d50edf88cb65,1548,WILKOWSKI Huub,NL,Qual,4,2,2
ec9b5e40-0264-4647-950e-d50edf88cb65,1549,STAMM Lukas,DE,Pre-Qual,3,2,2
ec9b5e40-0264-4647-950e-d50edf88cb65,1550,SAEIJS Alain,BE,Pre-Qual,3,1,1
ec9b5e40-0264-4647-950e-d50edf88cb65,1550,SAEIJS Alain,BE,Pre-Qual,3,1,1
ec9b5e40-0264-4647-950e-d50edf88cb65,1551,RAHMET Muammer,TR,Pre-Qual,3,1,1
ec9b5e40-0264-4647-950e-d50edf88cb65,1551,RAHMET Muammer,TR,Pre-Qual,3,1,1
ec9b5e40-0264-4647-950e-d50edf88cb65,1552,BAS Serdal,TR,Pre-Qual,3,2,2
ec9b5e40-0264-4647-950e-d50edf88cb65,1553,KORKMAZ Fatih,TR,Pre-Qual,3,1,1
ec9b5e40-0264-4647-950e-d50edf88cb65,1553,KORKMAZ Fatih,TR,Pre-Qual,3,1,1
ec9b5e40-0264-4647-950e-d50edf88cb65,1554,CETIN Volkan,NL,Pre-Qual,3,1,1
ec9b5e40-0264-4647-950e-d50edf88cb65,1554,CETIN Volkan,NL,Pre-Qual,3,1,1
ec9b5e40-0264-4647-950e-d50edf88cb65,1555,DAO Van Ly,VN,Qual,4,1,1
ec9b5e40-0264-4647-950e-d50edf88cb65,1555,DAO Van Ly,VN,Qual,4,1,1
ec9b5e40-0264-4647-950e-d50edf88cb65,1557,ABU Tayeh Mashhour,JO,Pre-Pre-Qual,2,2,2
ec9b5e40-0264-4647-950e-d50edf88cb65,1558,BROUWERS Reggy,NL,Pre-Pre-Qual,2,2,2
ec9b5e40-0264-4647-950e-d50edf88cb65,1559,PANAIA Maxime,FR,Pre-Qual,3,2,2
ec9b5e40-0264-4647-950e-d50edf88cb65,1559,PANAIA Maxime,FR,Qual,4,2,2
ec9b5e40-0264-4647-950e-d50edf88cb65,1560,NOVAK Radek,CZ,Pre-Qual,3,1,1
ec9b5e40-0264-4647-950e-d50edf88cb65,1560,NOVAK Radek,CZ,Pre-Qual,3,1,1
ec9b5e40-0264-4647-950e-d50edf88cb65,1561,GULBAY Ali,TR,Pre-Pre-Qual,2,2,2
ec9b5e40-0264-4647-950e-d50edf88cb65,1562,MOULOS Vangelis,GR,Pre-Qual,3,2,2
ec9b5e40-0264-4647-950e-d50edf88cb65,1563,LINDEMANN Ronny,DE,Pre-Pre-Qual,2,1,1
ec9b5e40-0264-4647-950e-d50edf88cb65,1563,LINDEMANN Ronny,DE,Pre-Pre-Qual,2,1,1
ec9b5e40-0264-4647-950e-d50edf88cb65,1563,LINDEMANN Ronny,DE,Pre-Qual,3,2,2
ec9b5e40-0264-4647-950e-d50edf88cb65,1565,KABAK Gurhan,DE,Pre-Pre-Qual,2,2,2
ec9b5e40-0264-4647-950e-d50edf88cb65,1566,PENNOR David,SE,Pre-Qual,3,1,1
ec9b5e40-0264-4647-950e-d50edf88cb65,1566,PENNOR David,SE,Pre-Qual,3,1,1
ec9b5e40-0264-4647-950e-d50edf88cb65,1566,PENNOR David,SE,Qual,4,1,1
ec9b5e40-0264-4647-950e-d50edf88cb65,1566,PENNOR David,SE,Qual,4,1,1
ec9b5e40-0264-4647-950e-d50edf88cb65,1566,PENNOR David,SE,Rank 16,5,3,3
ec9b5e40-0264-4647-950e-d50edf88cb65,1567,ESEN Ismet,TR,Pre-Pre-Qual,2,1,1
ec9b5e40-0264-4647-950e-d50edf88cb65,1567,ESEN Ismet,TR,Pre-Pre-Qual,2,1,1
ec9b5e40-0264-4647-950e-d50edf88cb65,1568,THON Viet Hoang Minh,VN,Pre-Pre-Qual,2,2,2
ec9b5e40-0264-4647-950e-d50edf88cb65,1568,THON Viet Hoang Minh,VN,Pre-Qual,3,2,2
ec9b5e40-0264-4647-950e-d50edf88cb65,1570,BOUERDICK Tobias,DE,Pre-Pre-Qual,2,2,2
ec9b5e40-0264-4647-950e-d50edf88cb65,1570,BOUERDICK Tobias,DE,Pre-Qual,3,2,2
ec9b5e40-0264-4647-950e-d50edf88cb65,1573,IBRAIMOV Ali,DE,Pre-Pre-Qual,2,2,2
ec9b5e40-0264-4647-950e-d50edf88cb65,1576,CAMBERLIN Fabien,FR,Pre-Pre-Qual,2,2,2
ec9b5e40-0264-4647-950e-d50edf88cb65,1578,LONG Nguyen Chi,VN,Pre-Pre-Qual,2,2,2
ec9b5e40-0264-4647-950e-d50edf88cb65,1578,LONG Nguyen Chi,VN,Pre-Qual,3,2,2
ec9b5e40-0264-4647-950e-d50edf88cb65,1579,MORTENSEN Lukas,DK,Pre-Pre-Qual,2,2,2
ec9b5e40-0264-4647-950e-d50edf88cb65,1579,MORTENSEN Lukas,DK,Pre-Qual,3,2,2
ec9b5e40-0264-4647-950e-d50edf88cb65,1580,LATORRE Christian,CO,Pre-Pre-Qual,2,2,2
ec9b5e40-0264-4647-950e-d50edf88cb65,1585,SZIVACZ Herbert,AT,Pre-Pre-Qual,2,1,1
ec9b5e40-0264-4647-950e-d50edf88cb65,1585,SZIVACZ Herbert,AT,Pre-Pre-Qual,2,1,1
ec9b5e40-0264-4647-950e-d50edf88cb65,1587,PINARD Patrice,FR,Pre-Pre-Qual,2,1,1
ec9b5e40-0264-4647-950e-d50edf88cb65,1587,PINARD Patrice,FR,Pre-Pre-Qual,2,1,1
ec9b5e40-0264-4647-950e-d50edf88cb65,1587,PINARD Patrice,FR,Pre-Qual,3,2,2
ec9b5e40-0264-4647-950e-d50edf88cb65,1588,ΜΑΥΡΙΔΟΓΛΟΥ Λίτσα,GR,Pre-Pre-Qual,2,1,1
ec9b5e40-0264-4647-950e-d50edf88cb65,1588,ΜΑΥΡΙΔΟΓΛΟΥ Λίτσα,GR,Pre-Pre-Qual,2,1,1
ec9b5e40-0264-4647-950e-d50edf88cb65,1589,MORALES Marcos,ES,Pre-Pre-Qual,2,1,1
ec9b5e40-0264-4647-950e-d50edf88cb65,1589,MORALES Marcos,ES,Pre-Pre-Qual,2,1,1
ec9b5e40-0264-4647-950e-d50edf88cb65,1590,JACQUEMOND Olivier,FR,Pre-Pre-Pre-Qual,1,1,1
ec9b5e40-0264-4647-950e-d50edf88cb65,1590,JACQUEMOND Olivier,FR,Pre-Pre-Pre-Qual,1,1,1
ec9b5e40-0264-4647-950e-d50edf88cb65,1596,KAPUSIZ Ufuk,TR,Pre-Pre-Qual,2,1,1
ec9b5e40-0264-4647-950e-d50edf88cb65,1596,KAPUSIZ Ufuk,TR,Pre-Pre-Qual,2,1,1
ec9b5e40-0264-4647-950e-d50edf88cb65,1601,DALAKAS Dimitrios,GR,Pre-Pre-Pre-Qual,1,2,2
ec9b5e40-0264-4647-950e-d50edf88cb65,1603,LUAN Nguyen Dinh,VN,Pre-Pre-Qual,2,1,1
ec9b5e40-0264-4647-950e-d50edf88cb65,1603,LUAN Nguyen Dinh,VN,Pre-Pre-Qual,2,1,1
ec9b5e40-0264-4647-950e-d50edf88cb65,1613,DERRADJI Samir,FR,Pre-Pre-Pre-Qual,1,2,2
ec9b5e40-0264-4647-950e-d50edf88cb65,1640,FERRARA Giuseppe,IT,Pre-Pre-Pre-Qual,1,2,2
ec9b5e40-0264-4647-950e-d50edf88cb65,1650,MELNYTSCHENKO Cedric,FR,Pre-Pre-Pre-Qual,1,2,2
ec9b5e40-0264-4647-950e-d50edf88cb65,1650,MELNYTSCHENKO Cedric,FR,Pre-Pre-Qual,2,2,2
ec9b5e40-0264-4647-950e-d50edf88cb65,1652,BLAUWBLOMME Henk,BE,Pre-Pre-Pre-Qual,1,2,2
ec9b5e40-0264-4647-950e-d50edf88cb65,1652,BLAUWBLOMME Henk,BE,Pre-Pre-Qual,2,2,2
ec9b5e40-0264-4647-950e-d50edf88cb65,1653,WILKOWSKI Joeri,NL,Pre-Pre-Pre-Qual,1,2,2
ec9b5e40-0264-4647-950e-d50edf88cb65,2016,MARECHAL Gwendal,FR,Pre-Qual,3,1,1
ec9b5e40-0264-4647-950e-d50edf88cb65,2016,MARECHAL Gwendal,FR,Pre-Qual,3,1,1
ec9b5e40-0264-4647-950e-d50edf88cb65,2045,DURIEZ Tangui,FR,Pre-Pre-Pre-Qual,1,2,2
ec9b5e40-0264-4647-950e-d50edf88cb65,2250,ANDALUZ Anton Valentin,ES,Pre-Pre-Pre-Qual,1,2,2
ec9b5e40-0264-4647-950e-d50edf88cb65,2255,ESCRIBANO Joseba,ES,Pre-Pre-Pre-Qual,1,1,1
ec9b5e40-0264-4647-950e-d50edf88cb65,2255,ESCRIBANO Joseba,ES,Pre-Pre-Pre-Qual,1,1,1
ec9b5e40-0264-4647-950e-d50edf88cb65,2255,ESCRIBANO Joseba,ES,Pre-Pre-Qual,2,2,2
ec9b5e40-0264-4647-950e-d50edf88cb65,2255,ESCRIBANO Joseba,ES,Pre-Qual,3,2,2
ec9b5e40-0264-4647-950e-d50edf88cb65,2255,ESCRIBANO Joseba,ES,Qual,4,2,2
ec9b5e40-0264-4647-950e-d50edf88cb65,2426,ΤΣΟΚΑΝΤΑΣ Διονυσης,GR,Pre-Pre-Pre-Qual,1,2,2
ec9b5e40-0264-4647-950e-d50edf88cb65,2426,ΤΣΟΚΑΝΤΑΣ Διονυσης,GR,Pre-Pre-Qual,2,2,2
ec9b5e40-0264-4647-950e-d50edf88cb65,2484,SAINZ-PARDO Daniel,ES,Pre-Pre-Pre-Qual,1,1,1
ec9b5e40-0264-4647-950e-d50edf88cb65,2484,SAINZ-PARDO Daniel,ES,Pre-Pre-Pre-Qual,1,1,1
ec9b5e40-0264-4647-950e-d50edf88cb65,2484,SAINZ-PARDO Daniel,ES,Pre-Pre-Qual,2,2,2
ec9b5e40-0264-4647-950e-d50edf88cb65,2484,SAINZ-PARDO Daniel,ES,Pre-Qual,3,2,2
ec9b5e40-0264-4647-950e-d50edf88cb65,2484,SAINZ-PARDO Daniel,ES,Qual,4,2,2
ec9b5e40-0264-4647-950e-d50edf88cb65,2491,PHILIPOOM Luca,NL,Pre-Pre-Qual,2,1,1
ec9b5e40-0264-4647-950e-d50edf88cb65,2491,PHILIPOOM Luca,NL,Pre-Pre-Qual,2,1,1
ec9b5e40-0264-4647-950e-d50edf88cb65,2866,EGERT Lucas,DE,Pre-Pre-Pre-Qual,1,2,2
ec9b5e40-0264-4647-950e-d50edf88cb65,2895,BOLLANSEE Toon,BE,Pre-Pre-Pre-Qual,1,2,2
ec9b5e40-0264-4647-950e-d50edf88cb65,3009,WALLERAND Paul,BE,Pre-Pre-Pre-Qual,1,2,2
ec9b5e40-0264-4647-950e-d50edf88cb65,3009,WALLERAND Paul,BE,Pre-Pre-Qual,2,2,2
ec9b5e40-0264-4647-950e-d50edf88cb65,3070,IBRAIMOV Amir,DE,Pre-Pre-Qual,2,2,2
ec9b5e40-0264-4647-950e-d50edf88cb65,3070,IBRAIMOV Amir,DE,Pre-Qual,3,2,2
ec9b5e40-0264-4647-950e-d50edf88cb65,3168,GLENN Hofman,NL,Qual,4,1,1
ec9b5e40-0264-4647-950e-d50edf88cb65,3168,GLENN Hofman,NL,Qual,4,1,1
ec9b5e40-0264-4647-950e-d50edf88cb65,3168,GLENN Hofman,NL,Rank 16,5,2,2
ec9b5e40-0264-4647-950e-d50edf88cb65,3168,GLENN Hofman,NL,Rank 16,5,1,1
ec9b5e40-0264-4647-950e-d50edf88cb65,3168,GLENN Hofman,NL,Main Tournament - Rank 8,6,1,1
ec9b5e40-0264-4647-950e-d50edf88cb65,3168,GLENN Hofman,NL,Main Tournament - Rank 8,6,2,2
ec9b5e40-0264-4647-950e-d50edf88cb65,3371,PHAM Quoc Thuan,VN,Pre-Pre-Pre-Qual,1,1,1
ec9b5e40-0264-4647-950e-d50edf88cb65,3371,PHAM Quoc Thuan,VN,Pre-Pre-Pre-Qual,1,1,1
ec9b5e40-0264-4647-950e-d50edf88cb65,3371,PHAM Quoc Thuan,VN,Pre-Pre-Qual,2,2,2
ec9b5e40-0264-4647-950e-d50edf88cb65,3371,PHAM Quoc Thuan,VN,Pre-Qual,3,2,2
ec9b5e40-0264-4647-950e-d50edf88cb65,3382,KIM Do Hyeon,KR,Pre-Pre-Qual,2,1,1
ec9b5e40-0264-4647-950e-d50edf88cb65,3382,KIM Do Hyeon,KR,Pre-Pre-Qual,2,1,1
ec9b5e40-0264-4647-950e-d50edf88cb65,3382,KIM Do Hyeon,KR,Pre-Qual,3,2,2
ec9b5e40-0264-4647-950e-d50edf88cb65,3382,KIM Do Hyeon,KR,Qual,4,2,2
ec9b5e40-0264-4647-950e-d50edf88cb65,3398,GUNAYDIN Fahri,TR,Pre-Pre-Pre-Qual,1,1,1
ec9b5e40-0264-4647-950e-d50edf88cb65,3398,GUNAYDIN Fahri,TR,Pre-Pre-Pre-Qual,1,1,1
ec9b5e40-0264-4647-950e-d50edf88cb65,3401,CAN Cengiz,TR,Pre-Pre-Pre-Qual,1,2,2
ec9b5e40-0264-4647-950e-d50edf88cb65,3430,AYMAN Mahmoud,EG,Pre-Pre-Qual,2,1,1
ec9b5e40-0264-4647-950e-d50edf88cb65,3430,AYMAN Mahmoud,EG,Pre-Pre-Qual,2,1,1
ec9b5e40-0264-4647-950e-d50edf88cb65,3432,COENEN Philip,BE,Pre-Pre-Pre-Qual,1,1,1
ec9b5e40-0264-4647-950e-d50edf88cb65,3432,COENEN Philip,BE,Pre-Pre-Pre-Qual,1,1,1
ec9b5e40-0264-4647-950e-d50edf88cb65,3446,PRASSAS Konstantinos,GR,Pre-Pre-Pre-Qual,1,1,1
ec9b5e40-0264-4647-950e-d50edf88cb65,3446,PRASSAS Konstantinos,GR,Pre-Pre-Pre-Qual,1,1,1
ec9b5e40-0264-4647-950e-d50edf88cb65,3446,PRASSAS Konstantinos,GR,Pre-Pre-Qual,2,2,2
ec9b5e40-0264-4647-950e-d50edf88cb65,3465,LE Thanh Tien,VN,Pre-Qual,3,1,1
ec9b5e40-0264-4647-950e-d50edf88cb65,3465,LE Thanh Tien,VN,Pre-Qual,3,1,1
ec9b5e40-0264-4647-950e-d50edf88cb65,3467,SON JUN Hyuk,KR,Pre-Qual,3,1,1
ec9b5e40-0264-4647-950e-d50edf88cb65,3467,SON JUN Hyuk,KR,Pre-Qual,3,1,1
ec9b5e40-0264-4647-950e-d50edf88cb65,3469,NGUYEN Van Tai,VN,Pre-Pre-Qual,2,1,1
ec9b5e40-0264-4647-950e-d50edf88cb65,3469,NGUYEN Van Tai,VN,Pre-Pre-Qual,2,1,1
ec9b5e40-0264-4647-950e-d50edf88cb65,3469,NGUYEN Van Tai,VN,Pre-Qual,3,2,2
ec9b5e40-0264-4647-950e-d50edf88cb65,3469,NGUYEN Van Tai,VN,Qual,4,2,2
ec9b5e40-0264-4647-950e-d50edf88cb65,3519,ANAHMIAS Yovi,TR,Pre-Pre-Pre-Qual,1,2,2
ec9b5e40-0264-4647-950e-d50edf88cb65,3520,BARTSOKAS Konstantinos,GR,Pre-Pre-Pre-Qual,1,2,2
ec9b5e40-0264-4647-950e-d50edf88cb65,3521,BOUTET Dany,BE,Pre-Pre-Pre-Qual,1,2,2
ec9b5e40-0264-4647-950e-d50edf88cb65,3521,BOUTET Dany,BE,Pre-Pre-Qual,2,2,2
ec9b5e40-0264-4647-950e-d50edf88cb65,3522,CELEN Marc,BE,Pre-Pre-Pre-Qual,1,2,2
ec9b5e40-0264-4647-950e-d50edf88cb65,3523,MENHEER Leslie,BE,Pre-Pre-Pre-Qual,1,2,2
ec9b5e40-0264-4647-950e-d50edf88cb65,3524,OLIVETO Valentino,AR,Pre-Pre-Pre-Qual,1,1,1
ec9b5e40-0264-4647-950e-d50edf88cb65,3524,OLIVETO Valentino,AR,Pre-Pre-Pre-Qual,1,1,1
ec9b5e40-0264-4647-950e-d50edf88cb65,3525,SCHENKEL Andreas,DE,Pre-Pre-Pre-Qual,1,1,1
ec9b5e40-0264-4647-950e-d50edf88cb65,3525,SCHENKEL Andreas,DE,Pre-Pre-Pre-Qual,1,1,1
ec9b5e40-0264-4647-950e-d50edf88cb65,3526,VANDENDRIESSCHE Philippe,BE,Pre-Pre-Pre-Qual,1,2,2
ec9b5e40-0264-4647-950e-d50edf88cb65,3526,VANDENDRIESSCHE Philippe,BE,Pre-Pre-Qual,2,2,2
ec9b5e40-0264-4647-950e-d50edf88cb65,3527,WEEREMANS Dirk,BE,Pre-Pre-Pre-Qual,1,2,2
ec9b5e40-0264-4647-950e-d50edf88cb65,3528,WUYTS Danny,BE,Pre-Pre-Pre-Qual,1,2,2
ec9b5e40-0264-4647-950e-d50edf88cb65,3529,YILDIZ Cenk,TR,Pre-Pre-Pre-Qual,1,2,2
ec9b5e40-0264-4647-950e-d50edf88cb65,3595,MINAOGLU Manol,TR,Pre-Pre-Qual,2,2,2
f45f1401-2772-49ea-8e7c-3a31240d09aa,79,ΚΟΚΚΟΡΗΣ Κωνσταντινος,GR,PPPQ,1,2,2
f45f1401-2772-49ea-8e7c-3a31240d09aa,79,ΚΟΚΚΟΡΗΣ Κωνσταντινος,GR,PPQ,2,2,2
f45f1401-2772-49ea-8e7c-3a31240d09aa,79,ΚΟΚΚΟΡΗΣ Κωνσταντινος,GR,PQ,3,2,2
f45f1401-2772-49ea-8e7c-3a31240d09aa,79,ΚΟΚΚΟΡΗΣ Κωνσταντινος,GR,Q,4,2,2
f45f1401-2772-49ea-8e7c-3a31240d09aa,127,ΠΑΠΑΚΩΝΣΤΑΝΤΙΝΟΥ Κωνσταντινος,GR,PPQ,2,1,1
f45f1401-2772-49ea-8e7c-3a31240d09aa,127,ΠΑΠΑΚΩΝΣΤΑΝΤΙΝΟΥ Κωνσταντινος,GR,PPQ,2,1,1
f45f1401-2772-49ea-8e7c-3a31240d09aa,127,ΠΑΠΑΚΩΝΣΤΑΝΤΙΝΟΥ Κωνσταντινος,GR,PQ,3,2,2
f45f1401-2772-49ea-8e7c-3a31240d09aa,135,PEKER Muharrem,TR,PQ,3,2,2
f45f1401-2772-49ea-8e7c-3a31240d09aa,135,PEKER Muharrem,TR,Q,4,1,1
f45f1401-2772-49ea-8e7c-3a31240d09aa,135,PEKER Muharrem,TR,Q,4,1,1
f45f1401-2772-49ea-8e7c-3a31240d09aa,142,ΠΟΛΥΧΡΟΝΟΠΟΥΛΟΣ Νικολαος,GR,Q,4,2,2
f45f1401-2772-49ea-8e7c-3a31240d09aa,142,ΠΟΛΥΧΡΟΝΟΠΟΥΛΟΣ Νικολαος,GR,1/16 MAIN TOURNAMENT,5,2,2
f45f1401-2772-49ea-8e7c-3a31240d09aa,142,ΠΟΛΥΧΡΟΝΟΠΟΥΛΟΣ Νικολαος,GR,1/16 MAIN TOURNAMENT,5,1,1
f45f1401-2772-49ea-8e7c-3a31240d09aa,151,ΣΕΛΕΒΕΝΤΑΣ Δημητριος,GR,PQ,3,1,1
f45f1401-2772-49ea-8e7c-3a31240d09aa,151,ΣΕΛΕΒΕΝΤΑΣ Δημητριος,GR,PQ,3,1,1
f45f1401-2772-49ea-8e7c-3a31240d09aa,151,ΣΕΛΕΒΕΝΤΑΣ Δημητριος,GR,Q,4,2,2
f45f1401-2772-49ea-8e7c-3a31240d09aa,212,BLOMDAHL Torbjörn,SE,Q,4,2,2
f45f1401-2772-49ea-8e7c-3a31240d09aa,212,BLOMDAHL Torbjörn,SE,1/16 MAIN TOURNAMENT,5,3,3
f45f1401-2772-49ea-8e7c-3a31240d09aa,212,BLOMDAHL Torbjörn,SE,1/8 FINAL TOURNAMENT,6,1,1
f45f1401-2772-49ea-8e7c-3a31240d09aa,212,BLOMDAHL Torbjörn,SE,1/8 FINAL TOURNAMENT,6,1,1
f45f1401-2772-49ea-8e7c-3a31240d09aa,213,CAUDRON Frederic,BE,1/16 MAIN TOURNAMENT,5,1,1
f45f1401-2772-49ea-8e7c-3a31240d09aa,213,CAUDRON Frederic,BE,1/16 MAIN TOURNAMENT,5,2,2
f45f1401-2772-49ea-8e7c-3a31240d09aa,213,CAUDRON Frederic,BE,1/8 FINAL TOURNAMENT,6,1,1
f45f1401-2772-49ea-8e7c-3a31240d09aa,214,BURY Jeremy,FR,1/16 MAIN TOURNAMENT,5,2,2
f45f1401-2772-49ea-8e7c-3a31240d09aa,214,BURY Jeremy,FR,1/16 MAIN TOURNAMENT,5,1,1
f45f1401-2772-49ea-8e7c-3a31240d09aa,215,ZANETTI Marco,IT,1/16 MAIN TOURNAMENT,5,3,3
f45f1401-2772-49ea-8e7c-3a31240d09aa,215,ZANETTI Marco,IT,1/8 FINAL TOURNAMENT,6,2,2
f45f1401-2772-49ea-8e7c-3a31240d09aa,215,ZANETTI Marco,IT,1/8 FINAL TOURNAMENT,6,1,1
f45f1401-2772-49ea-8e7c-3a31240d09aa,216,MERCKX Eddy,BE,1/16 MAIN TOURNAMENT,5,3,3
f45f1401-2772-49ea-8e7c-3a31240d09aa,216,MERCKX Eddy,BE,1/8 FINAL TOURNAMENT,6,1,1
f45f1401-2772-49ea-8e7c-3a31240d09aa,218,JASPERS Dick,NL,1/16 MAIN TOURNAMENT,5,3,3
f45f1401-2772-49ea-8e7c-3a31240d09aa,218,JASPERS Dick,NL,1/8 FINAL TOURNAMENT,6,1,1
f45f1401-2772-49ea-8e7c-3a31240d09aa,218,JASPERS Dick,NL,1/8 FINAL TOURNAMENT,6,3,3
f45f1401-2772-49ea-8e7c-3a31240d09aa,225,CANTON Miguel,VE,PPPQ,1,2,2
f45f1401-2772-49ea-8e7c-3a31240d09aa,225,CANTON Miguel,VE,PPQ,2,2,2
f45f1401-2772-49ea-8e7c-3a31240d09aa,229,HEO Jung Han,KR,Q,4,2,2
f45f1401-2772-49ea-8e7c-3a31240d09aa,229,HEO Jung Han,KR,1/16 MAIN TOURNAMENT,5,1,1
f45f1401-2772-49ea-8e7c-3a31240d09aa,229,HEO Jung Han,KR,1/16 MAIN TOURNAMENT,5,2,2
f45f1401-2772-49ea-8e7c-3a31240d09aa,229,HEO Jung Han,KR,1/8 FINAL TOURNAMENT,6,1,1
f45f1401-2772-49ea-8e7c-3a31240d09aa,231,TASDEMIR Tayfun,TR,1/16 MAIN TOURNAMENT,5,3,3
f45f1401-2772-49ea-8e7c-3a31240d09aa,243,NADY Riad,EG,PQ,3,1,1
f45f1401-2772-49ea-8e7c-3a31240d09aa,243,NADY Riad,EG,PQ,3,1,1
f45f1401-2772-49ea-8e7c-3a31240d09aa,243,NADY Riad,EG,Q,4,1,1
f45f1401-2772-49ea-8e7c-3a31240d09aa,243,NADY Riad,EG,Q,4,1,1
f45f1401-2772-49ea-8e7c-3a31240d09aa,245,CEULEMANS Peter,BE,Q,4,2,2
f45f1401-2772-49ea-8e7c-3a31240d09aa,245,CEULEMANS Peter,BE,1/16 MAIN TOURNAMENT,5,3,3
f45f1401-2772-49ea-8e7c-3a31240d09aa,246,FORTHOMME Roland,BE,Q,4,2,2
f45f1401-2772-49ea-8e7c-3a31240d09aa,328,KARAKURT Omer,TR,Q,4,1,1
f45f1401-2772-49ea-8e7c-3a31240d09aa,328,KARAKURT Omer,TR,Q,4,1,1
f45f1401-2772-49ea-8e7c-3a31240d09aa,328,KARAKURT Omer,TR,1/16 MAIN TOURNAMENT,5,1,1
f45f1401-2772-49ea-8e7c-3a31240d09aa,328,KARAKURT Omer,TR,1/16 MAIN TOURNAMENT,5,2,2
f45f1401-2772-49ea-8e7c-3a31240d09aa,329,KARAKURT Berkay,TR,1/16 MAIN TOURNAMENT,5,3,3
f45f1401-2772-49ea-8e7c-3a31240d09aa,329,KARAKURT Berkay,TR,1/8 FINAL TOURNAMENT,6,1,1
f45f1401-2772-49ea-8e7c-3a31240d09aa,338,CHO Myung Woo,KR,1/16 MAIN TOURNAMENT,5,3,3
f45f1401-2772-49ea-8e7c-3a31240d09aa,338,CHO Myung Woo,KR,1/8 FINAL TOURNAMENT,6,4,4
f45f1401-2772-49ea-8e7c-3a31240d09aa,342,HORN Martin,DE,1/16 MAIN TOURNAMENT,5,3,3
f45f1401-2772-49ea-8e7c-3a31240d09aa,342,HORN Martin,DE,1/8 FINAL TOURNAMENT,6,2,2
f45f1401-2772-49ea-8e7c-3a31240d09aa,343,SIDHOM Sameh,EG,1/16 MAIN TOURNAMENT,5,3,3
f45f1401-2772-49ea-8e7c-3a31240d09aa,343,SIDHOM Sameh,EG,1/8 FINAL TOURNAMENT,6,1,1
f45f1401-2772-49ea-8e7c-3a31240d09aa,349,JIMENEZ Sergio,ES,Q,4,2,2
f45f1401-2772-49ea-8e7c-3a31240d09aa,350,PIEDRABUENA Pedro,US,1/16 MAIN TOURNAMENT,5,3,3
f45f1401-2772-49ea-8e7c-3a31240d09aa,351,CATANO Huberney,CO,Q,4,1,1
f45f1401-2772-49ea-8e7c-3a31240d09aa,351,CATANO Huberney,CO,Q,4,1,1
f45f1401-2772-49ea-8e7c-3a31240d09aa,354,VILLANUEVA William,VE,PPQ,2,1,1
f45f1401-2772-49ea-8e7c-3a31240d09aa,354,VILLANUEVA William,VE,PPQ,2,1,1
f45f1401-2772-49ea-8e7c-3a31240d09aa,369,UYMAZ Birol,TR,Q,4,1,1
f45f1401-2772-49ea-8e7c-3a31240d09aa,369,UYMAZ Birol,TR,Q,4,1,1
f45f1401-2772-49ea-8e7c-3a31240d09aa,376,MAURER Claus,AT,PPQ,2,2,2
f45f1401-2772-49ea-8e7c-3a31240d09aa,381,JETTEN Karina,NL,PPQ,2,1,1
f45f1401-2772-49ea-8e7c-3a31240d09aa,381,JETTEN Karina,NL,PPQ,2,1,1
f45f1401-2772-49ea-8e7c-3a31240d09aa,390,BASEGMEZ Emrullah,TR,PPQ,2,2,2
f45f1401-2772-49ea-8e7c-3a31240d09aa,394,KIYOTA Atsushi,JP,PQ,3,2,2
f45f1401-2772-49ea-8e7c-3a31240d09aa,394,KIYOTA Atsushi,JP,Q,4,2,2
f45f1401-2772-49ea-8e7c-3a31240d09aa,410,SALMAN Gokhan,TR,1/16 MAIN TOURNAMENT,5,3,3
f45f1401-2772-49ea-8e7c-3a31240d09aa,410,SALMAN Gokhan,TR,1/8 FINAL TOURNAMENT,6,1,1
f45f1401-2772-49ea-8e7c-3a31240d09aa,410,SALMAN Gokhan,TR,1/8 FINAL TOURNAMENT,6,1,1
f45f1401-2772-49ea-8e7c-3a31240d09aa,412,GOREN Mehmet,TR,PQ,3,2,2
f45f1401-2772-49ea-8e7c-3a31240d09aa,416,MAS José-Maria,ES,PPQ,2,2,2
f45f1401-2772-49ea-8e7c-3a31240d09aa,422,SOUMAGNE Pierre,FR,PQ,3,2,2
f45f1401-2772-49ea-8e7c-3a31240d09aa,422,SOUMAGNE Pierre,FR,Q,4,2,2
f45f1401-2772-49ea-8e7c-3a31240d09aa,422,SOUMAGNE Pierre,FR,1/16 MAIN TOURNAMENT,5,3,3
f45f1401-2772-49ea-8e7c-3a31240d09aa,434,COSTA Rui Manuel,PT,Q,4,1,1
f45f1401-2772-49ea-8e7c-3a31240d09aa,434,COSTA Rui Manuel,PT,Q,4,1,1
f45f1401-2772-49ea-8e7c-3a31240d09aa,435,ALP Ahmet,TR,PQ,3,1,1
f45f1401-2772-49ea-8e7c-3a31240d09aa,435,ALP Ahmet,TR,PQ,3,1,1
f45f1401-2772-49ea-8e7c-3a31240d09aa,438,LEGAZPI Ruben,ES,Q,4,2,2
f45f1401-2772-49ea-8e7c-3a31240d09aa,438,LEGAZPI Ruben,ES,1/16 MAIN TOURNAMENT,5,3,3
f45f1401-2772-49ea-8e7c-3a31240d09aa,438,LEGAZPI Ruben,ES,1/8 FINAL TOURNAMENT,6,1,1
f45f1401-2772-49ea-8e7c-3a31240d09aa,443,TRAN Quyet Chien,VN,1/16 MAIN TOURNAMENT,5,2,2
f45f1401-2772-49ea-8e7c-3a31240d09aa,443,TRAN Quyet Chien,VN,1/16 MAIN TOURNAMENT,5,1,1
f45f1401-2772-49ea-8e7c-3a31240d09aa,443,TRAN Quyet Chien,VN,1/8 FINAL TOURNAMENT,6,1,1
f45f1401-2772-49ea-8e7c-3a31240d09aa,538,KIRAZ Tolgahan,TR,1/16 MAIN TOURNAMENT,5,3,3
f45f1401-2772-49ea-8e7c-3a31240d09aa,578,KIM Haeng Jik,KR,1/16 MAIN TOURNAMENT,5,2,2
f45f1401-2772-49ea-8e7c-3a31240d09aa,578,KIM Haeng Jik,KR,1/16 MAIN TOURNAMENT,5,1,1
f45f1401-2772-49ea-8e7c-3a31240d09aa,595,GARCIA Jose Juan,CO,PQ,3,2,2
f45f1401-2772-49ea-8e7c-3a31240d09aa,607,CHOI Wan Young ,KR,Q,4,1,1
f45f1401-2772-49ea-8e7c-3a31240d09aa,607,CHOI Wan Young ,KR,Q,4,1,1
f45f1401-2772-49ea-8e7c-3a31240d09aa,1507,TRAN Thanh Luc,VN,1/16 MAIN TOURNAMENT,5,2,2
f45f1401-2772-49ea-8e7c-3a31240d09aa,1507,TRAN Thanh Luc,VN,1/16 MAIN TOURNAMENT,5,1,1
f45f1401-2772-49ea-8e7c-3a31240d09aa,1507,TRAN Thanh Luc,VN,1/8 FINAL TOURNAMENT,6,1,1
f45f1401-2772-49ea-8e7c-3a31240d09aa,1507,TRAN Thanh Luc,VN,1/8 FINAL TOURNAMENT,6,1,1
f45f1401-2772-49ea-8e7c-3a31240d09aa,1508,THAI Hong Chiem,VN,Q,4,2,2
f45f1401-2772-49ea-8e7c-3a31240d09aa,1508,THAI Hong Chiem,VN,1/16 MAIN TOURNAMENT,5,3,3
f45f1401-2772-49ea-8e7c-3a31240d09aa,1509,LOWE Tom,DE,PQ,3,2,2
f45f1401-2772-49ea-8e7c-3a31240d09aa,1509,LOWE Tom,DE,Q,4,2,2
f45f1401-2772-49ea-8e7c-3a31240d09aa,1509,LOWE Tom,DE,1/16 MAIN TOURNAMENT,5,1,1
f45f1401-2772-49ea-8e7c-3a31240d09aa,1509,LOWE Tom,DE,1/16 MAIN TOURNAMENT,5,2,2
f45f1401-2772-49ea-8e7c-3a31240d09aa,1510,DEVOGELAERE Mikael,FR,PQ,3,2,2
f45f1401-2772-49ea-8e7c-3a31240d09aa,1510,DEVOGELAERE Mikael,FR,Q,4,2,2
f45f1401-2772-49ea-8e7c-3a31240d09aa,1511,OZCAN Yilmaz,TR,PPQ,2,2,2
f45f1401-2772-49ea-8e7c-3a31240d09aa,1515,SANTIAGO Alejandro,MX,PPQ,2,2,2
f45f1401-2772-49ea-8e7c-3a31240d09aa,1515,SANTIAGO Alejandro,MX,PQ,3,2,2
f45f1401-2772-49ea-8e7c-3a31240d09aa,1520,LEE Beom Yeol,KR,PQ,3,1,1
f45f1401-2772-49ea-8e7c-3a31240d09aa,1520,LEE Beom Yeol,KR,PQ,3,1,1
f45f1401-2772-49ea-8e7c-3a31240d09aa,1522,BAO Phuong Vinh,VN,Q,4,1,1
f45f1401-2772-49ea-8e7c-3a31240d09aa,1522,BAO Phuong Vinh,VN,Q,4,1,1
f45f1401-2772-49ea-8e7c-3a31240d09aa,1522,BAO Phuong Vinh,VN,1/16 MAIN TOURNAMENT,5,2,2
f45f1401-2772-49ea-8e7c-3a31240d09aa,1522,BAO Phuong Vinh,VN,1/16 MAIN TOURNAMENT,5,1,1
f45f1401-2772-49ea-8e7c-3a31240d09aa,1522,BAO Phuong Vinh,VN,1/8 FINAL TOURNAMENT,6,1,1
f45f1401-2772-49ea-8e7c-3a31240d09aa,1522,BAO Phuong Vinh,VN,1/8 FINAL TOURNAMENT,6,2,2
f45f1401-2772-49ea-8e7c-3a31240d09aa,1532,KAHOFER Arnim,AT,Q,4,2,2
f45f1401-2772-49ea-8e7c-3a31240d09aa,1533,SOARES Jose Miguel,PT,PQ,3,2,2
f45f1401-2772-49ea-8e7c-3a31240d09aa,1535,VERA Javier,MX,PQ,3,1,1
f45f1401-2772-49ea-8e7c-3a31240d09aa,1535,VERA Javier,MX,PQ,3,1,1
f45f1401-2772-49ea-8e7c-3a31240d09aa,1536,HOFMAN Glenn,NL,1/16 MAIN TOURNAMENT,5,2,2
f45f1401-2772-49ea-8e7c-3a31240d09aa,1536,HOFMAN Glenn,NL,1/16 MAIN TOURNAMENT,5,1,1
f45f1401-2772-49ea-8e7c-3a31240d09aa,1536,HOFMAN Glenn,NL,1/8 FINAL TOURNAMENT,6,1,1
f45f1401-2772-49ea-8e7c-3a31240d09aa,1537,CHA Myeong Jong,KR,Q,4,2,2
f45f1401-2772-49ea-8e7c-3a31240d09aa,1537,CHA Myeong Jong,KR,1/16 MAIN TOURNAMENT,5,2,2
f45f1401-2772-49ea-8e7c-3a31240d09aa,1537,CHA Myeong Jong,KR,1/16 MAIN TOURNAMENT,5,1,1
f45f1401-2772-49ea-8e7c-3a31240d09aa,1539,HWANG Bong Joo,KR,Q,4,1,1
f45f1401-2772-49ea-8e7c-3a31240d09aa,1539,HWANG Bong Joo,KR,Q,4,1,1
f45f1401-2772-49ea-8e7c-3a31240d09aa,1539,HWANG Bong Joo,KR,1/16 MAIN TOURNAMENT,5,2,2
f45f1401-2772-49ea-8e7c-3a31240d09aa,1539,HWANG Bong Joo,KR,1/16 MAIN TOURNAMENT,5,1,1
f45f1401-2772-49ea-8e7c-3a31240d09aa,1540,JORISSEN Jeffrey,NL,PQ,3,2,2
f45f1401-2772-49ea-8e7c-3a31240d09aa,1541,ORAK Turgay,TR,Q,4,1,1
f45f1401-2772-49ea-8e7c-3a31240d09aa,1541,ORAK Turgay,TR,Q,4,1,1
f45f1401-2772-49ea-8e7c-3a31240d09aa,1542,KOSTISTANSKY Gerhard,AT,PQ,3,2,2
f45f1401-2772-49ea-8e7c-3a31240d09aa,1542,KOSTISTANSKY Gerhard,AT,Q,4,2,2
f45f1401-2772-49ea-8e7c-3a31240d09aa,1543,VAN Etten Sam,NL,PQ,3,2,2
f45f1401-2772-49ea-8e7c-3a31240d09aa,1543,VAN Etten Sam,NL,Q,4,2,2
f45f1401-2772-49ea-8e7c-3a31240d09aa,1543,VAN Etten Sam,NL,1/16 MAIN TOURNAMENT,5,2,2
f45f1401-2772-49ea-8e7c-3a31240d09aa,1543,VAN Etten Sam,NL,1/16 MAIN TOURNAMENT,5,1,1
f45f1401-2772-49ea-8e7c-3a31240d09aa,1544,KANG Ja In,KR,Q,4,2,2
f45f1401-2772-49ea-8e7c-3a31240d09aa,1545,VASSEUR Kevin,FR,PQ,3,1,1
f45f1401-2772-49ea-8e7c-3a31240d09aa,1545,VASSEUR Kevin,FR,PQ,3,1,1
f45f1401-2772-49ea-8e7c-3a31240d09aa,1546,YAVUZ Tarik,TR,PQ,3,2,2
f45f1401-2772-49ea-8e7c-3a31240d09aa,1546,YAVUZ Tarik,TR,Q,4,2,2
f45f1401-2772-49ea-8e7c-3a31240d09aa,1549,STAMM Lukas,DE,PQ,3,2,2
f45f1401-2772-49ea-8e7c-3a31240d09aa,1549,STAMM Lukas,DE,Q,4,2,2
f45f1401-2772-49ea-8e7c-3a31240d09aa,1550,SAEIJS Alain,BE,PQ,3,2,2
f45f1401-2772-49ea-8e7c-3a31240d09aa,1551,RAHMET Muammer,TR,PQ,3,2,2
f45f1401-2772-49ea-8e7c-3a31240d09aa,1552,BAS Serdal,TR,PQ,3,1,1
f45f1401-2772-49ea-8e7c-3a31240d09aa,1552,BAS Serdal,TR,PQ,3,1,1
f45f1401-2772-49ea-8e7c-3a31240d09aa,1553,KORKMAZ Fatih,TR,PPQ,2,2,2
f45f1401-2772-49ea-8e7c-3a31240d09aa,1554,CETIN Volkan,NL,PPPQ,1,2,2
f45f1401-2772-49ea-8e7c-3a31240d09aa,1554,CETIN Volkan,NL,PPQ,2,2,2
f45f1401-2772-49ea-8e7c-3a31240d09aa,1554,CETIN Volkan,NL,PQ,3,2,2
f45f1401-2772-49ea-8e7c-3a31240d09aa,1558,BROUWERS Reggy,NL,PQ,3,1,1
f45f1401-2772-49ea-8e7c-3a31240d09aa,1558,BROUWERS Reggy,NL,PQ,3,1,1
f45f1401-2772-49ea-8e7c-3a31240d09aa,1559,PANAIA Maxime,FR,PQ,3,2,2
f45f1401-2772-49ea-8e7c-3a31240d09aa,1559,PANAIA Maxime,FR,Q,4,2,2
f45f1401-2772-49ea-8e7c-3a31240d09aa,1559,PANAIA Maxime,FR,1/16 MAIN TOURNAMENT,5,1,1
f45f1401-2772-49ea-8e7c-3a31240d09aa,1559,PANAIA Maxime,FR,1/16 MAIN TOURNAMENT,5,2,2
f45f1401-2772-49ea-8e7c-3a31240d09aa,1561,GULBAY Ali,TR,PQ,3,1,1
f45f1401-2772-49ea-8e7c-3a31240d09aa,1561,GULBAY Ali,TR,PQ,3,1,1
f45f1401-2772-49ea-8e7c-3a31240d09aa,1562,MOULOS Vangelis,GR,PQ,3,1,1
f45f1401-2772-49ea-8e7c-3a31240d09aa,1562,MOULOS Vangelis,GR,PQ,3,1,1
f45f1401-2772-49ea-8e7c-3a31240d09aa,1564,MINAOGLU Manolis,TR,PPQ,2,1,1
f45f1401-2772-49ea-8e7c-3a31240d09aa,1564,MINAOGLU Manolis,TR,PPQ,2,1,1
f45f1401-2772-49ea-8e7c-3a31240d09aa,1565,KABAK Gurhan,DE,PPQ,2,2,2
f45f1401-2772-49ea-8e7c-3a31240d09aa,1566,PENNOR David,SE,PPQ,2,2,2
f45f1401-2772-49ea-8e7c-3a31240d09aa,1567,ESEN Ismet,TR,PPQ,2,1,1
f45f1401-2772-49ea-8e7c-3a31240d09aa,1567,ESEN Ismet,TR,PPQ,2,1,1
f45f1401-2772-49ea-8e7c-3a31240d09aa,1570,BOUERDICK Tobias,DE,PQ,3,1,1
f45f1401-2772-49ea-8e7c-3a31240d09aa,1570,BOUERDICK Tobias,DE,PQ,3,1,1
f45f1401-2772-49ea-8e7c-3a31240d09aa,1571,NGUYEN Hoan Tat,VN,PPQ,2,2,2
f45f1401-2772-49ea-8e7c-3a31240d09aa,1574,ULUDAGLILAR Gokhan,TR,PPQ,2,1,1
f45f1401-2772-49ea-8e7c-3a31240d09aa,1574,ULUDAGLILAR Gokhan,TR,PPQ,2,1,1
f45f1401-2772-49ea-8e7c-3a31240d09aa,1576,CAMBERLIN Fabien,FR,PPQ,2,2,2
f45f1401-2772-49ea-8e7c-3a31240d09aa,1577,AKKOCA Denizcan,TR,PPQ,2,1,1
f45f1401-2772-49ea-8e7c-3a31240d09aa,1577,AKKOCA Denizcan,TR,PPQ,2,1,1
f45f1401-2772-49ea-8e7c-3a31240d09aa,1577,AKKOCA Denizcan,TR,PQ,3,2,2
f45f1401-2772-49ea-8e7c-3a31240d09aa,1578,LONG Nguyen Chi,VN,PQ,3,1,1
f45f1401-2772-49ea-8e7c-3a31240d09aa,1578,LONG Nguyen Chi,VN,PQ,3,1,1
f45f1401-2772-49ea-8e7c-3a31240d09aa,1578,LONG Nguyen Chi,VN,Q,4,2,2
f45f1401-2772-49ea-8e7c-3a31240d09aa,1580,LATORRE Christian,CO,PPQ,2,1,1
f45f1401-2772-49ea-8e7c-3a31240d09aa,1580,LATORRE Christian,CO,PPQ,2,1,1
f45f1401-2772-49ea-8e7c-3a31240d09aa,1583,DEGENER Gulsen,TR,PPPQ,1,1,1
f45f1401-2772-49ea-8e7c-3a31240d09aa,1583,DEGENER Gulsen,TR,PPPQ,1,1,1
f45f1401-2772-49ea-8e7c-3a31240d09aa,1585,SZIVACZ Herbert,AT,PPQ,2,1,1
f45f1401-2772-49ea-8e7c-3a31240d09aa,1585,SZIVACZ Herbert,AT,PPQ,2,1,1
f45f1401-2772-49ea-8e7c-3a31240d09aa,1587,PINARD Patrice,FR,PPQ,2,2,2
f45f1401-2772-49ea-8e7c-3a31240d09aa,1588,ΜΑΥΡΙΔΟΓΛΟΥ Λίτσα,GR,PPQ,2,2,2
f45f1401-2772-49ea-8e7c-3a31240d09aa,1590,JACQUEMOND Olivier,FR,PPQ,2,1,1
f45f1401-2772-49ea-8e7c-3a31240d09aa,1590,JACQUEMOND Olivier,FR,PPQ,2,1,1
f45f1401-2772-49ea-8e7c-3a31240d09aa,1592,LALANNE Patrice,FR,PPQ,2,1,1
f45f1401-2772-49ea-8e7c-3a31240d09aa,1592,LALANNE Patrice,FR,PPQ,2,1,1
f45f1401-2772-49ea-8e7c-3a31240d09aa,1593,DIAB Medhat,EG,PPPQ,1,1,1
f45f1401-2772-49ea-8e7c-3a31240d09aa,1593,DIAB Medhat,EG,PPPQ,1,1,1
f45f1401-2772-49ea-8e7c-3a31240d09aa,1594,ABOUSALEH Fadi,LB,PPPQ,1,2,2
f45f1401-2772-49ea-8e7c-3a31240d09aa,1595,CIN Aygun,DE,PPPQ,1,2,2
f45f1401-2772-49ea-8e7c-3a31240d09aa,1595,CIN Aygun,DE,PPQ,2,2,2
f45f1401-2772-49ea-8e7c-3a31240d09aa,1596,KAPUSIZ Ufuk,TR,PQ,3,1,1
f45f1401-2772-49ea-8e7c-3a31240d09aa,1596,KAPUSIZ Ufuk,TR,PQ,3,1,1
f45f1401-2772-49ea-8e7c-3a31240d09aa,1599,CELIK Hakan,DE,PPPQ,1,1,1
f45f1401-2772-49ea-8e7c-3a31240d09aa,1599,CELIK Hakan,DE,PPPQ,1,1,1
f45f1401-2772-49ea-8e7c-3a31240d09aa,1601,DALAKAS Dimitrios,GR,PPPQ,1,2,2
f45f1401-2772-49ea-8e7c-3a31240d09aa,1602,HILAIRE Jimmy,FR,PPPQ,1,2,2
f45f1401-2772-49ea-8e7c-3a31240d09aa,1604,FADL Mostafa,EG,PPPQ,1,2,2
f45f1401-2772-49ea-8e7c-3a31240d09aa,1608,GOMARIZ Javier,ES,PPQ,2,1,1
f45f1401-2772-49ea-8e7c-3a31240d09aa,1608,GOMARIZ Javier,ES,PPQ,2,1,1
f45f1401-2772-49ea-8e7c-3a31240d09aa,1608,GOMARIZ Javier,ES,PQ,3,2,2
f45f1401-2772-49ea-8e7c-3a31240d09aa,1609,KRISTIANSEN Daniel,DK,PPPQ,1,2,2
f45f1401-2772-49ea-8e7c-3a31240d09aa,1609,KRISTIANSEN Daniel,DK,PPQ,2,2,2
f45f1401-2772-49ea-8e7c-3a31240d09aa,1609,KRISTIANSEN Daniel,DK,PQ,3,2,2
f45f1401-2772-49ea-8e7c-3a31240d09aa,1615,YIGIT Selahattin,DE,PPPQ,1,1,1
f45f1401-2772-49ea-8e7c-3a31240d09aa,1615,YIGIT Selahattin,DE,PPPQ,1,1,1
f45f1401-2772-49ea-8e7c-3a31240d09aa,1619,CRESPO Carlos,ES,PPQ,2,1,1
f45f1401-2772-49ea-8e7c-3a31240d09aa,1619,CRESPO Carlos,ES,PPQ,2,1,1
f45f1401-2772-49ea-8e7c-3a31240d09aa,1619,CRESPO Carlos,ES,PQ,3,2,2
f45f1401-2772-49ea-8e7c-3a31240d09aa,1623,KARAKASLI Mujde,TR,PPPQ,1,1,1
f45f1401-2772-49ea-8e7c-3a31240d09aa,1623,KARAKASLI Mujde,TR,PPPQ,1,1,1
f45f1401-2772-49ea-8e7c-3a31240d09aa,1626,YILMAZ Vedat,TR,PPPQ,1,1,1
f45f1401-2772-49ea-8e7c-3a31240d09aa,1626,YILMAZ Vedat,TR,PPPQ,1,1,1
f45f1401-2772-49ea-8e7c-3a31240d09aa,1626,YILMAZ Vedat,TR,PPQ,2,2,2
f45f1401-2772-49ea-8e7c-3a31240d09aa,1626,YILMAZ Vedat,TR,PQ,3,2,2
f45f1401-2772-49ea-8e7c-3a31240d09aa,1631,BIALLAS Stefan,DE,PPPQ,1,1,1
f45f1401-2772-49ea-8e7c-3a31240d09aa,1631,BIALLAS Stefan,DE,PPPQ,1,1,1
f45f1401-2772-49ea-8e7c-3a31240d09aa,1638,ERNST Dieter,DE,PPPQ,1,2,2
f45f1401-2772-49ea-8e7c-3a31240d09aa,1647,TRUEBA Juan Carlos,ES,PPPQ,1,2,2
f45f1401-2772-49ea-8e7c-3a31240d09aa,1650,MELNYTSCHENKO Cedric,FR,PPPQ,1,2,2
f45f1401-2772-49ea-8e7c-3a31240d09aa,1650,MELNYTSCHENKO Cedric,FR,PPQ,2,2,2
f45f1401-2772-49ea-8e7c-3a31240d09aa,1968,DE Bruijn Jean-Paul,NL,Q,4,1,1
f45f1401-2772-49ea-8e7c-3a31240d09aa,1968,DE Bruijn Jean-Paul,NL,Q,4,1,1
f45f1401-2772-49ea-8e7c-3a31240d09aa,1968,DE Bruijn Jean-Paul,NL,1/16 MAIN TOURNAMENT,5,1,1
f45f1401-2772-49ea-8e7c-3a31240d09aa,1968,DE Bruijn Jean-Paul,NL,1/16 MAIN TOURNAMENT,5,2,2
f45f1401-2772-49ea-8e7c-3a31240d09aa,2442,ÖZBAS Seymen,TR,PPPQ,1,2,2
f45f1401-2772-49ea-8e7c-3a31240d09aa,2442,ÖZBAS Seymen,TR,PPQ,2,2,2
f45f1401-2772-49ea-8e7c-3a31240d09aa,2442,ÖZBAS Seymen,TR,PQ,3,1,1
f45f1401-2772-49ea-8e7c-3a31240d09aa,2442,ÖZBAS Seymen,TR,PQ,3,1,1
f45f1401-2772-49ea-8e7c-3a31240d09aa,2722,SENEL Furkan,TR,PPPQ,1,2,2
f45f1401-2772-49ea-8e7c-3a31240d09aa,2852,CERKEZ Ataberk,TR,PPQ,2,1,1
f45f1401-2772-49ea-8e7c-3a31240d09aa,2852,CERKEZ Ataberk,TR,PPQ,2,1,1
f45f1401-2772-49ea-8e7c-3a31240d09aa,2866,EGERT Lucas,DE,PPQ,2,2,2
f45f1401-2772-49ea-8e7c-3a31240d09aa,3070,IBRAIMOV Amir,DE,PPQ,2,1,1
f45f1401-2772-49ea-8e7c-3a31240d09aa,3070,IBRAIMOV Amir,DE,PPQ,2,1,1
f45f1401-2772-49ea-8e7c-3a31240d09aa,3070,IBRAIMOV Amir,DE,PQ,3,2,2
f45f1401-2772-49ea-8e7c-3a31240d09aa,3070,IBRAIMOV Amir,DE,Q,4,1,1
f45f1401-2772-49ea-8e7c-3a31240d09aa,3070,IBRAIMOV Amir,DE,Q,4,1,1
f45f1401-2772-49ea-8e7c-3a31240d09aa,3164,WEISS Alexander,AT,PPPQ,1,1,1
f45f1401-2772-49ea-8e7c-3a31240d09aa,3164,WEISS Alexander,AT,PPPQ,1,1,1
f45f1401-2772-49ea-8e7c-3a31240d09aa,3371,PHAM Quoc Thuan,VN,PPQ,2,1,1
f45f1401-2772-49ea-8e7c-3a31240d09aa,3371,PHAM Quoc Thuan,VN,PPQ,2,1,1
f45f1401-2772-49ea-8e7c-3a31240d09aa,3379,KIM Min Suk,KR,PPPQ,1,2,2
f45f1401-2772-49ea-8e7c-3a31240d09aa,3379,KIM Min Suk,KR,PPQ,2,2,2
f45f1401-2772-49ea-8e7c-3a31240d09aa,3379,KIM Min Suk,KR,PQ,3,2,2
f45f1401-2772-49ea-8e7c-3a31240d09aa,3382,KIM Do Hyeon,KR,PQ,3,1,1
f45f1401-2772-49ea-8e7c-3a31240d09aa,3382,KIM Do Hyeon,KR,PQ,3,1,1
f45f1401-2772-49ea-8e7c-3a31240d09aa,3397,KWON Miru,KR,PPPQ,1,2,2
f45f1401-2772-49ea-8e7c-3a31240d09aa,3397,KWON Miru,KR,PPQ,2,2,2
f45f1401-2772-49ea-8e7c-3a31240d09aa,3397,KWON Miru,KR,PQ,3,2,2
f45f1401-2772-49ea-8e7c-3a31240d09aa,3430,AYMAN Mahmoud,EG,PQ,3,1,1
f45f1401-2772-49ea-8e7c-3a31240d09aa,3430,AYMAN Mahmoud,EG,PQ,3,1,1
f45f1401-2772-49ea-8e7c-3a31240d09aa,3430,AYMAN Mahmoud,EG,Q,4,2,2
f45f1401-2772-49ea-8e7c-3a31240d09aa,3433,SALEH Mohamed,IQ,PPPQ,1,1,1
f45f1401-2772-49ea-8e7c-3a31240d09aa,3433,SALEH Mohamed,IQ,PPPQ,1,1,1
f45f1401-2772-49ea-8e7c-3a31240d09aa,3438,YANG Seungmo,KR,PPPQ,1,2,2
f45f1401-2772-49ea-8e7c-3a31240d09aa,3438,YANG Seungmo,KR,PPQ,2,2,2
f45f1401-2772-49ea-8e7c-3a31240d09aa,3438,YANG Seungmo,KR,PQ,3,2,2
f45f1401-2772-49ea-8e7c-3a31240d09aa,3463,KILICASLAN Aziz,TR,PPPQ,1,1,1
f45f1401-2772-49ea-8e7c-3a31240d09aa,3463,KILICASLAN Aziz,TR,PPPQ,1,1,1
f45f1401-2772-49ea-8e7c-3a31240d09aa,3503,KIM Ha Eun,KR,PPPQ,1,1,1
f45f1401-2772-49ea-8e7c-3a31240d09aa,3503,KIM Ha Eun,KR,PPPQ,1,1,1
f45f1401-2772-49ea-8e7c-3a31240d09aa,3503,KIM Ha Eun,KR,PPQ,2,2,2
f45f1401-2772-49ea-8e7c-3a31240d09aa,3503,KIM Ha Eun,KR,PQ,3,2,2
f45f1401-2772-49ea-8e7c-3a31240d09aa,3541,RIOTTO Jerome,FR,PPPQ,1,2,2
f45f1401-2772-49ea-8e7c-3a31240d09aa,3541,RIOTTO Jerome,FR,PPQ,2,2,2
f45f1401-2772-49ea-8e7c-3a31240d09aa,3542,ROESTEL Norbert,DE,PPPQ,1,1,1
f45f1401-2772-49ea-8e7c-3a31240d09aa,3542,ROESTEL Norbert,DE,PPPQ,1,1,1
f45f1401-2772-49ea-8e7c-3a31240d09aa,3542,ROESTEL Norbert,DE,PPQ,2,2,2
f45f1401-2772-49ea-8e7c-3a31240d09aa,3578,CAVUSOGLU Muhammed,TR,PPPQ,1,2,2
f45f1401-2772-49ea-8e7c-3a31240d09aa,3578,CAVUSOGLU Muhammed,TR,PPQ,2,2,2
f45f1401-2772-49ea-8e7c-3a31240d09aa,3614,JEONG YE SUNG,KR,PPPQ,1,2,2
f45f1401-2772-49ea-8e7c-3a31240d09aa,3614,JEONG YE SUNG,KR,PPQ,2,2,2
f45f1401-2772-49ea-8e7c-3a31240d09aa,3624,ALTUNTASLAR Hayri,TR,PPPQ,1,2,2
f45f1401-2772-49ea-8e7c-3a31240d09aa,3624,ALTUNTASLAR Hayri,TR,PPQ,2,2,2
f45f1401-2772-49ea-8e7c-3a31240d09aa,3624,ALTUNTASLAR Hayri,TR,PQ,3,2,2
f45f1401-2772-49ea-8e7c-3a31240d09aa,3713,NEBUDA Dominik,AT,PPPQ,1,2,2
f45f1401-2772-49ea-8e7c-3a31240d09aa,3713,NEBUDA Dominik,AT,PPQ,2,2,2
f45f1401-2772-49ea-8e7c-3a31240d09aa,4164,AZIMLI Semsettin,TR,PPPQ,1,2,2
f45f1401-2772-49ea-8e7c-3a31240d09aa,4195,ÖZCELIK Adem,TR,PPPQ,1,2,2
f45f1401-2772-49ea-8e7c-3a31240d09aa,4307,ADIGUZELOGLU Sezgin,TR,PPPQ,1,2,2
f45f1401-2772-49ea-8e7c-3a31240d09aa,4727,FAKHOURI Salim,LB,PPPQ,1,2,2
f45f1401-2772-49ea-8e7c-3a31240d09aa,4728,CHALKIADAKIS Emmanuel,GR,PPPQ,1,1,1
f45f1401-2772-49ea-8e7c-3a31240d09aa,4728,CHALKIADAKIS Emmanuel,GR,PPPQ,1,1,1
f45f1401-2772-49ea-8e7c-3a31240d09aa,4729,KIM Sooah,KR,PPPQ,1,2,2
f45f1401-2772-49ea-8e7c-3a31240d09aa,4731,ERCIN Omer,TR,PPPQ,1,2,2
f45f1401-2772-49ea-8e7c-3a31240d09aa,4732,YUZEN Ender,TR,PPPQ,1,2,2
f45f1401-2772-49ea-8e7c-3a31240d09aa,4733,KAHRAMAN Serkan,TR,PPPQ,1,2,2
f45f1401-2772-49ea-8e7c-3a31240d09aa,4733,KAHRAMAN Serkan,TR,PPQ,2,2,2
f45f1401-2772-49ea-8e7c-3a31240d09aa,4733,KAHRAMAN Serkan,TR,PQ,3,2,2
f45f1401-2772-49ea-8e7c-3a31240d09aa,4734,ILIK Tarik,TR,PPPQ,1,2,2
f45f1401-2772-49ea-8e7c-3a31240d09aa,4735,DOGAN Burak,TR,PPPQ,1,1,1
f45f1401-2772-49ea-8e7c-3a31240d09aa,4735,DOGAN Burak,TR,PPPQ,1,1,1
f45f1401-2772-49ea-8e7c-3a31240d09aa,4736,PAUL Fakhoury,LB,PPPQ,1,1,1
f45f1401-2772-49ea-8e7c-3a31240d09aa,4736,PAUL Fakhoury,LB,PPPQ,1,1,1
f45f1401-2772-49ea-8e7c-3a31240d09aa,4737,YILMAZER Seckin,TR,PPPQ,1,2,2
f45f1401-2772-49ea-8e7c-3a31240d09aa,4738,URHAN Gokhan,TR,PPPQ,1,1,1
f45f1401-2772-49ea-8e7c-3a31240d09aa,4738,URHAN Gokhan,TR,PPPQ,1,1,1
